0.04591543341569885,0.013915982037860146,0.33312512563028585,0.0,0.0005242596903843729,0.000304526579757488,0.009755261508231448,0.00022135405557936,3.5978574466560002e-06,4.8057134652384e-05,0.0,0.0,0.000709766902959624,0.0,0.001291925446832298,0.05120552865222641,0.00513310974501891,0.0,0.007231834767568644,0.0,2.1841407582400002e-06,0.0,0.0,0.009551079902736705,1.3106487158160001e-05,1.5290894148288e-05,0.00034460708668536004,0.000545230016504096,0.0052431578951567205,0.0,0.000882531423561303,0.0020288847312136113,0.00818221300031981,0.03472288278347355,0.001131527011031296,0.011473052687645379,0.00609840114335227,0.043109698176198745,0.02475797053857301,0.011678394239957458,0.0,0.02297037820982366,0.0,0.00012232721376601502,0.0652745167021158,0.07122312387023311,0.002201890444310019,0.0036723429550734278,0.00068775271136756,0.0,0.4109175991131715,0.00017824816252695998,0.014440974051873176,0.0,0.0,0.00087563852405107,0.005183688444912249,2.6212974316320002e-05,0.0,0.000672799664553665,0.0,0.006717707403059488,0.0,0.0,0.0,0.0,0.0,0.0,0.0,0.0,0.0,0.0,0.0,0.0,0.0,0.0,0.0,0.0,0.0,0.0,0.0,0.0,0.0,0.0,0.0,0.0,0.0,0.0,0.0,0.0,0.0,0.0,0.0,0.0,0.0,0.0,0.0,0.0,0.0,0.0,0.0,0.0,0.0,0.0,0.0,0.0,0.0,0.0,0.0,0.0,0.0,0.0,0.0,0.0,0.0,0.0,0.0,0.0,0.0,0.0,0.0,0.0,0.0,0.0,0.0,0.0,0.0,0.0,0.0,0.0,0.0,0.0,0.0,0.0,0.0,0.0,0.0,0.0,0.0,0.0,0.0,0.0,0.0,0.0,0.0,0.0,0.0,0.0,0.0,0.0,0.0,0.0,0.0,0.0,0.0,0.0,0.0,0.0,0.0,0.0,0.0,0.0,0.0
0.013915982037860146,1.5643253305247597,0.4687086465356208,0.0,0.00023234387698648,0.002147191911620384,0.01188683850324145,0.00415366267132917,0.000459422521989993,0.011161560364418503,0.0,0.0,0.0088123050321924,0.001328890369494788,0.0024893992545598404,0.1574978550882901,0.033572800573870604,0.000208464056551275,0.05224281091231885,0.000306564942167145,0.0009666884429225561,2.4525186912179998e-05,0.0,0.05325814452103954,0.000178420735394805,0.00010165039608242401,0.0034531069463678843,0.0036245654829723086,0.45942539738642096,0.0,0.009033039644158643,0.0025093146730405603,0.0713375974512399,0.13533042699279815,0.05138751413327607,0.08377087766429211,0.0004896781898694841,0.03363065463454273,0.28420587393348795,0.10836449408308248,0.0,0.0025479134714346883,0.0,0.001605786618553245,1.436126732201586,0.8609512750408147,0.0006886674823722751,0.5755531715747408,0.4240729483363898,0.0,1.7855455693782516,0.0,0.06466665477841968,0.0,0.0008508593878816802,0.005686971533665558,0.015911042757008,0.00035684147078961,0.0002759083930113,0.0,0.00332867204306736,0.04465779513379753,0.0,0.0,0.0,0.0,0.0,0.0,0.0,0.0,0.0,0.0,0.0,0.0,0.0,0.0,0.0,0.0,0.0,0.0,0.0,0.0,0.0,0.0,0.0,0.0,0.0,0.0,0.0,0.0,0.0,0.0,0.0,0.0,0.0,0.0,0.0,0.0,0.0,0.0,0.0,0.0,0.0,0.0,0.0,0.0,0.0,0.0,0.0,0.0,0.0,0.0,0.0,0.0,0.0,0.0,0.0,0.0,0.0,0.0,0.0,0.0,0.0,0.0,0.0,0.0,0.0,0.0,0.0,0.0,0.0,0.0,0.0,0.0,0.0,0.0,0.0,0.0,0.0,0.0,0.0,0.0,0.0,0.0,0.0,0.0,0.0,0.0,0.0,0.0,0.0,0.0,0.0,0.0,0.0,0.0,0.0,0.0,0.0,0.0,0.0,0.0,0.0
0.33312512563028585,0.4687086465356208,7.2795779009466095,0.0,0.004081400751552288,0.008404477825244786,0.19388762709920965,0.04872690948190603,0.005405986486351864,0.020006814361364915,6.95742469068e-05,0.0,0.009009045952999983,0.0,0.013803447684179487,0.6098624372158977,0.12002355239825581,0.0038152204893199034,0.1647065507259529,0.002650651077898785,0.002584046632580987,0.0004200350235378,0.0,0.208632976069445,0.00022226417486872498,0.000304434416674638,0.01758810483138674,0.011135457426083257,0.4412632679546214,0.000722920126529254,0.05470571759471064,0.022154811947372417,0.30571255051518675,0.5193965064296117,0.7823331933882572,0.5999578859908118,0.04762236496523285,0.7771993935673727,0.98482611744947,0.2434579586662956,0.0,0.17375550144845892,0.0,0.00211814872089747,4.98618009500482,2.298445049203395,0.02825127905115044,8.52023010617071,6.976138154540135,1.8470940393843e-05,6.114869177815318,0.00123330666513376,0.517922655222918,0.0015174359347278781,0.01754506315435312,0.008296278283870629,0.06817516053530845,0.00044452834973744996,0.005039370254431048,0.00465512967331874,0.009618383220464941,0.13374635353618522,0.0,0.0,0.0,0.0,0.0,0.0,0.0,0.0,0.0,0.0,0.0,0.0,0.0,0.0,0.0,0.0,0.0,0.0,0.0,0.0,0.0,0.0,0.0,0.0,0.0,0.0,0.0,0.0,0.0,0.0,0.0,0.0,0.0,0.0,0.0,0.0,0.0,0.0,0.0,0.0,0.0,0.0,0.0,0.0,0.0,0.0,0.0,0.0,0.0,0.0,0.0,0.0,0.0,0.0,0.0,0.0,0.0,0.0,0.0,0.0,0.0,0.0,0.0,0.0,0.0,0.0,0.0,0.0,0.0,0.0,0.0,0.0,0.0,0.0,0.0,0.0,0.0,0.0,0.0,0.0,0.0,0.0,0.0,0.0,0.0,0.0,0.0,0.0,0.0,0.0,0.0,0.0,0.0,0.0,0.0,0.0,0.0,0.0,0.0,0.0,0.0
0.0,0.0,0.0,0.0,0.0,0.0,0.0,0.0,0.0,0.0,0.0,0.0,0.0,0.0,0.0,0.0,0.0,0.0,0.0,0.0,0.0,0.0,0.0,0.0,0.0,0.0,0.0,0.0,0.0,0.0,0.0,0.0,0.0,0.0,0.0,0.0,0.0,0.0,0.0,0.0,0.0,0.0,0.0,0.0,0.0,0.0,0.0,0.0,0.0,0.0,0.0,0.0,0.0,0.0,0.0,0.0,0.0,0.0,0.0,0.0,0.0,0.0,0.0,0.0,0.0,0.0,0.0,0.0,0.0,0.0,0.0,0.0,0.0,0.0,0.0,0.0,0.0,0.0,0.0,0.0,0.0,0.0,0.0,0.0,0.0,0.0,0.0,0.0,0.0,0.0,0.0,0.0,0.0,0.0,0.0,0.0,0.0,0.0,0.0,0.0,0.0,0.0,0.0,0.0,0.0,0.0,0.0,0.0,0.0,0.0,0.0,0.0,0.0,0.0,0.0,0.0,0.0,0.0,0.0,0.0,0.0,0.0,0.0,0.0,0.0,0.0,0.0,0.0,0.0,0.0,0.0,0.0,0.0,0.0,0.0,0.0,0.0,0.0,0.0,0.0,0.0,0.0,0.0,0.0,0.0,0.0,0.0,0.0,0.0,0.0,0.0,0.0,0.0,0.0,0.0,0.0,0.0,0.0,0.0,0.0,0.0,0.0,0.0
0.0005242596903843729,0.00023234387698648,0.004081400751552288,0.0,6.721278319680999e-06,1.1350642959439999e-05,0.000106860568933692,8.5136152629e-06,0.0,0.0,0.0,0.0,1.0237022992584e-05,0.0,2.4484649820866e-05,0.0009200492945701319,0.0001891602599563,0.0,0.000256412561184932,0.0,0.0,0.0,0.0,0.000229218988492346,0.0,5.8811115732e-07,7.24297442114e-06,2.097037968494e-05,0.00016928012115822,0.0,2.4324616604835e-05,3.2665407195967e-05,0.00026193770263150003,0.000769796039821497,3.7639141894559995e-05,0.00027680903205377,6.701540924799e-05,0.00044703968682302997,0.0009367704498653,0.00042463012456708,0.0,0.00026266537690309,0.0,0.0,0.0016032801586513081,0.00218827282452586,2.4196602646502996e-05,5.26141433682e-05,0.0,0.0,0.007836313767472096,1.95877136952e-06,0.000329816434600953,0.0,0.0,1.4354729020013999e-05,9.6120975462508e-05,0.0,0.0,7.393404238605e-06,0.0,0.00025837329308782,0.0,0.0,0.0,0.0,0.0,0.0,0.0,0.0,0.0,0.0,0.0,0.0,0.0,0.0,0.0,0.0,0.0,0.0,0.0,0.0,0.0,0.0,0.0,0.0,0.0,0.0,0.0,0.0,0.0,0.0,0.0,0.0,0.0,0.0,0.0,0.0,0.0,0.0,0.0,0.0,0.0,0.0,0.0,0.0,0.0,0.0,0.0,0.0,0.0,0.0,0.0,0.0,0.0,0.0,0.0,0.0,0.0,0.0,0.0,0.0,0.0,0.0,0.0,0.0,0.0,0.0,0.0,0.0,0.0,0.0,0.0,0.0,0.0,0.0,0.0,0.0,0.0,0.0,0.0,0.0,0.0,0.0,0.0,0.0,0.0,0.0,0.0,0.0,0.0,0.0,0.0,0.0,0.0,0.0,0.0,0.0,0.0,0.0,0.0,0.0,0.0
0.000304526579757488,0.002147191911620384,0.008404477825244786,0.0,1.1350642959439999e-05,0.00010261811143269998,4.370124189149e-06,7.437056110877599e-05,1.4902362331200001e-07,1.9715751371960003e-06,0.0,0.0,3.8128871210328995e-05,0.0,0.00012161405967952,0.004428268354327423,0.001597638172076526,0.0,0.002142807581256723,1.5682986997130003e-06,2.61383206796e-07,1.2546385269200001e-07,0.0,0.001522077414267028,5.42872038195e-07,4.965903847272e-06,6.319714927675201e-05,0.000177070079116924,0.001470028123305607,0.0,0.000183352632295604,0.000132749555537559,0.002221781718123267,0.004717226942240014,0.00031781808118377594,0.0018606330416667918,1.7139258058870998e-05,0.000216852526071904,0.007974765353832952,0.0036148419178973017,0.0,0.000124472641504064,0.0,4.885848343755e-06,0.018344582693515677,0.01910809079238608,0.0,0.0008814668192043161,0.000697149131223226,0.0,0.044384729924701126,0.0,0.0028212888287343137,4.798991379962e-06,4.2436328578200006e-07,5.594247136855199e-05,0.00049843466433783,1.08574407639e-06,0.0,0.0,0.0,0.002181657181992572,0.0,0.0,0.0,0.0,0.0,0.0,0.0,0.0,0.0,0.0,0.0,0.0,0.0,0.0,0.0,0.0,0.0,0.0,0.0,0.0,0.0,0.0,0.0,0.0,0.0,0.0,0.0,0.0,0.0,0.0,0.0,0.0,0.0,0.0,0.0,0.0,0.0,0.0,0.0,0.0,0.0,0.0,0.0,0.0,0.0,0.0,0.0,0.0,0.0,0.0,0.0,0.0,0.0,0.0,0.0,0.0,0.0,0.0,0.0,0.0,0.0,0.0,0.0,0.0,0.0,0.0,0.0,0.0,0.0,0.0,0.0,0.0,0.0,0.0,0.0,0.0,0.0,0.0,0.0,0.0,0.0,0.0,0.0,0.0,0.0,0.0,0.0,0.0,0.0,0.0,0.0,0.0,0.0,0.0,0.0,0.0,0.0,0.0,0.0,0.0,0.0
0.009755261508231448,0.01188683850324145,0.19388762709920965,0.0,0.000106860568933692,4.370124189149e-06,0.009390942576621406,0.002477333451571824,0.00029825184416998,0.00040864971338388595,0.0,0.0,0.000135630706156128,0.0,0.00020036352642751202,0.008905993491587692,0.000186496048184091,0.000231572136072506,0.000227602205151743,2.3411373238573e-05,0.00013234553227817097,2.1870000842419997e-06,0.0,0.00181969932265732,0.0,0.0,0.000488514392501072,0.0,0.016331586214820438,0.0,0.0022377484705996837,0.00036065435678624407,0.0038863278790763826,0.0047487919922326784,0.046294490795082875,0.02012351094052393,0.001335895517263434,0.02890681294643949,0.022042980360533735,0.000709273466421401,0.0,0.004952381432578056,0.0,1.9543403809799998e-06,0.06016738968914172,0.04378202952445298,0.0012501126349768802,0.43306621102422044,0.38012244179926236,0.0,0.062333191434907696,3.892774872864e-05,0.0019451847542973392,0.0,0.000863604211956255,0.000153612070722408,0.000863983267355493,0.0,0.000306492625093112,0.00014693321891886,0.0005849864910798601,0.0,0.0,0.0,0.0,0.0,0.0,0.0,0.0,0.0,0.0,0.0,0.0,0.0,0.0,0.0,0.0,0.0,0.0,0.0,0.0,0.0,0.0,0.0,0.0,0.0,0.0,0.0,0.0,0.0,0.0,0.0,0.0,0.0,0.0,0.0,0.0,0.0,0.0,0.0,0.0,0.0,0.0,0.0,0.0,0.0,0.0,0.0,0.0,0.0,0.0,0.0,0.0,0.0,0.0,0.0,0.0,0.0,0.0,0.0,0.0,0.0,0.0,0.0,0.0,0.0,0.0,0.0,0.0,0.0,0.0,0.0,0.0,0.0,0.0,0.0,0.0,0.0,0.0,0.0,0.0,0.0,0.0,0.0,0.0,0.0,0.0,0.0,0.0,0.0,0.0,0.0,0.0,0.0,0.0,0.0,0.0,0.0,0.0,0.0,0.0,0.0,0.0
0.00022135405557936,0.00415366267132917,0.04872690948190603,0.0,8.5136152629e-06,7.437056110877599e-05,0.002477333451571824,0.000914741568290862,0.00010170958661114,0.000114832481383436,0.0,0.0,2.161149167628e-05,0.0,9.12173273682e-05,0.003623679258099118,0.001222937143275243,7.8970530077158e-05,0.00166496315000554,1.3302528799972002e-05,4.4025052221256005e-05,1.064201936848e-06,0.0,0.001392705797055282,0.0,3.72470484177e-06,0.00020252528785729302,0.000132812434816215,0.0065269232801155735,0.0,0.0008735567766539679,9.19470742113e-05,0.0028132303769335173,0.0036621388208229345,0.01602117605960715,0.00786716177754916,0.0,0.00654224659398535,0.013517033291868296,0.002869521188456208,0.0,9.336142316424e-05,0.0,0.0,0.03117834460860088,0.02844563040178184,0.000260881597669878,0.1490922197001234,0.13032282594354241,0.0,0.03320967946538192,1.915563347196e-06,0.0015641575997126808,0.0,0.000298577940922482,4.1959973526569996e-05,0.000402625412843864,0.0,0.000104519850612616,0.0,0.00019949158854798,0.001636364560967895,0.0,0.0,0.0,0.0,0.0,0.0,0.0,0.0,0.0,0.0,0.0,0.0,0.0,0.0,0.0,0.0,0.0,0.0,0.0,0.0,0.0,0.0,0.0,0.0,0.0,0.0,0.0,0.0,0.0,0.0,0.0,0.0,0.0,0.0,0.0,0.0,0.0,0.0,0.0,0.0,0.0,0.0,0.0,0.0,0.0,0.0,0.0,0.0,0.0,0.0,0.0,0.0,0.0,0.0,0.0,0.0,0.0,0.0,0.0,0.0,0.0,0.0,0.0,0.0,0.0,0.0,0.0,0.0,0.0,0.0,0.0,0.0,0.0,0.0,0.0,0.0,0.0,0.0,0.0,0.0,0.0,0.0,0.0,0.0,0.0,0.0,0.0,0.0,0.0,0.0,0.0,0.0,0.0,0.0,0.0,0.0,0.0,0.0,0.0,0.0,0.0
3.5978574466560002e-06,0.000459422521989993,0.005405986486351864,0.0,0.0,1.4902362331200001e-07,0.00029825184416998,0.00010170958661114,1.4323474226286e-05,1.199102389382e-05,0.0,0.0,0.0,0.0,0.0,2.4430694161488e-05,2.62790446334e-06,9.705326988945001e-06,0.0,0.0,5.23946736792e-06,0.0,0.0,2.392243432824e-05,2.0756864376e-07,0.0,1.7210921294212e-05,0.0,0.000674026823810382,0.0,9.0012543493457e-05,0.0,0.000134101825469967,7.4850532632e-07,0.0019289900008801501,0.00075239910529174,0.0,0.00076227085699025,0.0008597178687641,2.9105120638114e-05,0.0,0.0,0.0,1.86811779384e-06,0.0018260748723808043,0.002215048967714046,3.188522695383e-05,0.017772648476168038,0.0156618182982413,0.0,9.2674713731888e-05,0.0,2.4574287647921e-05,0.0,3.5758932313463e-05,0.0,0.0,4.1513728752e-07,1.277452755476e-05,0.0,2.4382074600300002e-05,0.0,0.0,0.0,0.0,0.0,0.0,0.0,0.0,0.0,0.0,0.0,0.0,0.0,0.0,0.0,0.0,0.0,0.0,0.0,0.0,0.0,0.0,0.0,0.0,0.0,0.0,0.0,0.0,0.0,0.0,0.0,0.0,0.0,0.0,0.0,0.0,0.0,0.0,0.0,0.0,0.0,0.0,0.0,0.0,0.0,0.0,0.0,0.0,0.0,0.0,0.0,0.0,0.0,0.0,0.0,0.0,0.0,0.0,0.0,0.0,0.0,0.0,0.0,0.0,0.0,0.0,0.0,0.0,0.0,0.0,0.0,0.0,0.0,0.0,0.0,0.0,0.0,0.0,0.0,0.0,0.0,0.0,0.0,0.0,0.0,0.0,0.0,0.0,0.0,0.0,0.0,0.0,0.0,0.0,0.0,0.0,0.0,0.0,0.0,0.0,0.0,0.0
4.8057134652384e-05,0.011161560364418503,0.020006814361364915,0.0,0.0,1.9715751371960003e-06,0.00040864971338388595,0.000114832481383436,1.199102389382e-05,0.003177439213960763,0.0,0.0,0.0,0.0,0.0,0.000571431872154967,5.250828551436e-06,9.310209043354e-06,0.000121368977186974,1.0562006800492e-05,1.887952791502e-05,8.44960252528e-07,0.0,0.00047642357534526906,0.0,0.0,4.2174679277356e-05,0.0,0.002744235238438878,0.000170996203899359,0.00012056189756969199,0.0,0.001723118383484465,0.000627088518743174,0.001893054422202138,0.0027646439326991256,9.618973720664e-06,0.0035756360801396723,0.002724206018381812,0.000535040285552658,0.0,0.0,0.0,0.0,0.013937943623338594,0.006916571339950287,6.393209665614299e-05,0.02131457385376175,0.02054024635915486,0.0,0.011564671521255919,0.0,2.9010310505875997e-05,0.0,3.7153412286932e-05,0.0,8.365651724456001e-05,0.0,1.2322339199608e-05,0.0,2.3519006266740002e-05,0.0,0.0,0.0,0.0,0.0,0.0,0.0,0.0,0.0,0.0,0.0,0.0,0.0,0.0,0.0,0.0,0.0,0.0,0.0,0.0,0.0,0.0,0.0,0.0,0.0,0.0,0.0,0.0,0.0,0.0,0.0,0.0,0.0,0.0,0.0,0.0,0.0,0.0,0.0,0.0,0.0,0.0,0.0,0.0,0.0,0.0,0.0,0.0,0.0,0.0,0.0,0.0,0.0,0.0,0.0,0.0,0.0,0.0,0.0,0.0,0.0,0.0,0.0,0.0,0.0,0.0,0.0,0.0,0.0,0.0,0.0,0.0,0.0,0.0,0.0,0.0,0.0,0.0,0.0,0.0,0.0,0.0,0.0,0.0,0.0,0.0,0.0,0.0,0.0,0.0,0.0,0.0,0.0,0.0,0.0,0.0,0.0,0.0,0.0,0.0,0.0,0.0
0.0,0.0,6.95742469068e-05,0.0,0.0,0.0,0.0,0.0,0.0,0.0,1.8878898312209e-05,0.0,0.0,0.0,1.5458941584539998e-06,8.538976559214799e-05,6.5090241681500005e-06,0.0,1.5362763017927998e-05,0.0,0.0,6.183584219000001e-07,0.0,8.8420528762068e-05,0.0,0.0,1.1660454000276e-05,0.0,0.0,0.0,0.0,0.0,0.0,3.0660265880839997e-06,2.137531636381e-05,4.716005663124e-05,0.0,9.658153157579999e-06,0.0,0.0,0.0,1.786365824584e-05,0.0,0.0,0.0005117007672044279,1.8777479116264e-05,1.648953105314e-05,0.00019208339991289,0.0006479767108425119,0.0,0.000239430272989014,0.0,0.0,0.0,0.0,0.0,9.27537514976e-07,0.0,0.0,0.0,0.0,0.0,0.0,0.0,0.0,0.0,0.0,0.0,0.0,0.0,0.0,0.0,0.0,0.0,0.0,0.0,0.0,0.0,0.0,0.0,0.0,0.0,0.0,0.0,0.0,0.0,0.0,0.0,0.0,0.0,0.0,0.0,0.0,0.0,0.0,0.0,0.0,0.0,0.0,0.0,0.0,0.0,0.0,0.0,0.0,0.0,0.0,0.0,0.0,0.0,0.0,0.0,0.0,0.0,0.0,0.0,0.0,0.0,0.0,0.0,0.0,0.0,0.0,0.0,0.0,0.0,0.0,0.0,0.0,0.0,0.0,0.0,0.0,0.0,0.0,0.0,0.0,0.0,0.0,0.0,0.0,0.0,0.0,0.0,0.0,0.0,0.0,0.0,0.0,0.0,0.0,0.0,0.0,0.0,0.0,0.0,0.0,0.0,0.0,0.0,0.0,0.0,0.0
0.0,0.0,0.0,0.0,0.0,0.0,0.0,0.0,0.0,0.0,0.0,0.0,0.0,0.0,0.0,0.0,0.0,0.0,0.0,0.0,0.0,0.0,0.0,0.0,0.0,0.0,0.0,0.0,0.0,0.0,0.0,0.0,0.0,0.0,0.0,0.0,0.0,0.0,0.0,0.0,0.0,0.0,0.0,0.0,0.0,0.0,0.0,0.0,0.0,0.0,0.0,0.0,0.0,0.0,0.0,0.0,0.0,0.0,0.0,0.0,0.0,0.0,0.0,0.0,0.0,0.0,0.0,0.0,0.0,0.0,0.0,0.0,0.0,0.0,0.0,0.0,0.0,0.0,0.0,0.0,0.0,0.0,0.0,0.0,0.0,0.0,0.0,0.0,0.0,0.0,0.0,0.0,0.0,0.0,0.0,0.0,0.0,0.0,0.0,0.0,0.0,0.0,0.0,0.0,0.0,0.0,0.0,0.0,0.0,0.0,0.0,0.0,0.0,0.0,0.0,0.0,0.0,0.0,0.0,0.0,0.0,0.0,0.0,0.0,0.0,0.0,0.0,0.0,0.0,0.0,0.0,0.0,0.0,0.0,0.0,0.0,0.0,0.0,0.0,0.0,0.0,0.0,0.0,0.0,0.0,0.0,0.0,0.0,0.0,0.0,0.0,0.0,0.0,0.0,0.0,0.0,0.0,0.0,0.0,0.0,0.0,0.0,0.0
0.000709766902959624,0.0088123050321924,0.009009045952999983,0.0,1.0237022992584e-05,3.8128871210328995e-05,0.000135630706156128,2.161149167628e-05,0.0,0.0,0.0,0.0,0.000131239807698865,1.6044715393008e-05,4.9357072304784e-05,0.0022188852349763998,0.00048913910260956,0.0,0.000646420128359904,0.0,1.925368637016e-06,0.0,0.0,0.0005901931333799279,0.0,1.4928980214240002e-06,2.1274065732288e-05,5.3232518972808e-05,0.004919833671085967,0.0,7.395029845764001e-05,7.5856339216519e-05,0.0006649189921458,0.0016926742344941519,9.554554400659199e-05,0.0006213417749245439,0.00011199112521047901,0.000851580459644101,0.002994073560306192,0.001077907577356656,0.0,0.000352093031636688,0.0,0.0,0.016909198102004988,0.005554848142921752,3.0711068977751995e-05,0.000321956068834824,0.001052029513494434,0.0,0.018811034923435357,2.4861325996799997e-06,0.00217211875097437,7.541271042218001e-06,0.0,8.146566979946399e-05,0.00021666870958399502,0.0,0.0,9.38393504532e-06,3.383142623676e-05,0.000655870872774024,0.0,0.0,0.0,0.0,0.0,0.0,0.0,0.0,0.0,0.0,0.0,0.0,0.0,0.0,0.0,0.0,0.0,0.0,0.0,0.0,0.0,0.0,0.0,0.0,0.0,0.0,0.0,0.0,0.0,0.0,0.0,0.0,0.0,0.0,0.0,0.0,0.0,0.0,0.0,0.0,0.0,0.0,0.0,0.0,0.0,0.0,0.0,0.0,0.0,0.0,0.0,0.0,0.0,0.0,0.0,0.0,0.0,0.0,0.0,0.0,0.0,0.0,0.0,0.0,0.0,0.0,0.0,0.0,0.0,0.0,0.0,0.0,0.0,0.0,0.0,0.0,0.0,0.0,0.0,0.0,0.0,0.0,0.0,0.0,0.0,0.0,0.0,0.0,0.0,0.0,0.0,0.0,0.0,0.0,0.0,0.0,0.0,0.0,0.0,0.0,0.0
0.0,0.001328890369494788,0.0,0.0,0.0,0.0,0.0,0.0,0.0,0.0,0.0,0.0,1.6044715393008e-05,2.593085413636e-06,0.0,6.3297212595808e-05,1.4485507623000001e-06,0.0,0.0,0.0,3.11170700522e-07,0.0,0.0,1.1824468906469999e-05,0.0,0.0,4.6675524562999996e-07,0.0,0.000725676384407038,0.0,2.5604863789719998e-06,0.0,0.0,1.501186834522e-06,0.0,0.0,0.0,0.0,9.9574477629194e-05,0.0,0.0,0.0,0.0,0.0,0.001012719110066606,0.0,0.0,3.0448008843177998e-05,5.8227730982519994e-05,0.0,6.316755880821799e-05,0.0,3.6858115290033995e-05,0.0,0.0,8.862581550878e-06,2.80053147378e-06,0.0,0.0,0.0,5.46770545617e-06,0.0,0.0,0.0,0.0,0.0,0.0,0.0,0.0,0.0,0.0,0.0,0.0,0.0,0.0,0.0,0.0,0.0,0.0,0.0,0.0,0.0,0.0,0.0,0.0,0.0,0.0,0.0,0.0,0.0,0.0,0.0,0.0,0.0,0.0,0.0,0.0,0.0,0.0,0.0,0.0,0.0,0.0,0.0,0.0,0.0,0.0,0.0,0.0,0.0,0.0,0.0,0.0,0.0,0.0,0.0,0.0,0.0,0.0,0.0,0.0,0.0,0.0,0.0,0.0,0.0,0.0,0.0,0.0,0.0,0.0,0.0,0.0,0.0,0.0,0.0,0.0,0.0,0.0,0.0,0.0,0.0,0.0,0.0,0.0,0.0,0.0,0.0,0.0,0.0,0.0,0.0,0.0,0.0,0.0,0.0,0.0,0.0,0.0,0.0,0.0,0.0,0.0
0.001291925446832298,0.0024893992545598404,0.013803447684179487,0.0,2.4484649820866e-05,0.00012161405967952,0.00020036352642751202,9.12173273682e-05,0.0,0.0,1.5458941584539998e-06,0.0,4.9357072304784e-05,0.0,0.000174400094415725,0.006378464420791649,0.0020267175371054,0.0,0.00271883286829829,0.0,0.0,0.0,0.0,0.002071969142751554,0.0,6.3011924205600005e-06,8.651501261752601e-05,0.00022468269115852,0.00181371600099276,0.0,0.00023527212262375001,0.000189576026643262,0.0028064760308270003,0.006362497437346321,0.00040327661305248,0.0024354667101063997,0.00012565386705214,0.0008455806495273099,0.010036828557027401,0.0045496095239146404,0.0,0.00062279985710922,0.0,0.0,0.01682258819289882,0.02344578565530788,4.5368620831757995e-05,0.0005637230943156,0.000495227061378072,0.0,0.05968359501900233,3.67269557872e-06,0.0027504695046179383,0.0,0.0,8.547767406684399e-05,0.000695679163726168,0.0,0.0,1.386263015753e-05,0.0,0.00276828591978956,0.0,0.0,0.0,0.0,0.0,0.0,0.0,0.0,0.0,0.0,0.0,0.0,0.0,0.0,0.0,0.0,0.0,0.0,0.0,0.0,0.0,0.0,0.0,0.0,0.0,0.0,0.0,0.0,0.0,0.0,0.0,0.0,0.0,0.0,0.0,0.0,0.0,0.0,0.0,0.0,0.0,0.0,0.0,0.0,0.0,0.0,0.0,0.0,0.0,0.0,0.0,0.0,0.0,0.0,0.0,0.0,0.0,0.0,0.0,0.0,0.0,0.0,0.0,0.0,0.0,0.0,0.0,0.0,0.0,0.0,0.0,0.0,0.0,0.0,0.0,0.0,0.0,0.0,0.0,0.0,0.0,0.0,0.0,0.0,0.0,0.0,0.0,0.0,0.0,0.0,0.0,0.0,0.0,0.0,0.0,0.0,0.0,0.0,0.0,0.0,0.0
0.05120552865222641,0.1574978550882901,0.6098624372158977,0.0,0.0009200492945701319,0.004428268354327423,0.008905993491587692,0.003623679258099118,2.4430694161488e-05,0.000571431872154967,8.538976559214799e-05,0.0,0.0022188852349763998,6.3297212595808e-05,0.006378464420791649,0.24454661657109317,0.0746030281507246,1.3489223423183999e-05,0.10073493680552585,0.00012050546941903301,5.1330654589676996e-05,1.4685073852682e-05,0.0,0.08077771058016482,2.5708877920605e-05,0.00022732013504653202,0.004122734816722527,0.008105592765287094,0.089468405691806,9.801864699293001e-06,0.009227814873409238,0.0069631172605049245,0.11057202017392824,0.23718687472123018,0.01771098063931504,0.09732209706464896,0.004996716937528286,0.049212411144813784,0.3733222729733051,0.1659253535234058,0.0,0.02449999445844368,0.0,0.00025137569541693,0.7941937410427559,0.8903268164573135,0.00184663252200234,0.12031717248285212,0.08167373767558625,2.822939700063e-06,2.2973213219159576,0.00014588180258464,0.10331925762472499,0.0,0.000156669475279751,0.003352830035557404,0.0266450878896789,5.141775584121e-05,1.7853389304767998e-05,0.00055063248031286,0.0001675425184068,0.09986794357853458,0.0,0.0,0.0,0.0,0.0,0.0,0.0,0.0,0.0,0.0,0.0,0.0,0.0,0.0,0.0,0.0,0.0,0.0,0.0,0.0,0.0,0.0,0.0,0.0,0.0,0.0,0.0,0.0,0.0,0.0,0.0,0.0,0.0,0.0,0.0,0.0,0.0,0.0,0.0,0.0,0.0,0.0,0.0,0.0,0.0,0.0,0.0,0.0,0.0,0.0,0.0,0.0,0.0,0.0,0.0,0.0,0.0,0.0,0.0,0.0,0.0,0.0,0.0,0.0,0.0,0.0,0.0,0.0,0.0,0.0,0.0,0.0,0.0,0.0,0.0,0.0,0.0,0.0,0.0,0.0,0.0,0.0,0.0,0.0,0.0,0.0,0.0,0.0,0.0,0.0,0.0,0.0,0.0,0.0,0.0,0.0,0.0,0.0,0.0,0.0,0.0
0.00513310974501891,0.033572800573870604,0.12002355239825581,0.0,0.0001891602599563,0.001597638172076526,0.000186496048184091,0.001222937143275243,2.62790446334e-06,5.250828551436e-06,6.5090241681500005e-06,0.0,0.00048913910260956,1.4485507623000001e-06,0.0020267175371054,0.0746030281507246,0.02888324676160573,2.0403878864979998e-06,0.03584938135543881,2.160411799442e-06,9.010468519766e-06,6.035062496204001e-06,0.0,0.02673136141406727,0.0,8.275757294319001e-05,0.0018731022415724291,0.0029509008710721053,0.026288874026308428,0.0,0.0036135284104205543,0.0020429314601311,0.0451416540736185,0.07908815536048826,0.0057290365037666454,0.03214649891718395,0.0,0.020531354768915017,0.13275045900580246,0.059760952804547504,0.0,0.002516324168491214,0.0,3.720143243877e-05,0.27949173967677293,0.30951449172951945,2.5843059354208e-05,0.026654192782275713,0.012419367479126298,2.460558052344e-06,0.7358709689677526,0.0,0.03583598542232419,0.0,7.092525903683701e-05,0.00093724095238044,0.008893231076181903,0.0,3.1325964011159997e-06,0.0,8.20870316313e-06,0.036357661954121066,0.0,0.0,0.0,0.0,0.0,0.0,0.0,0.0,0.0,0.0,0.0,0.0,0.0,0.0,0.0,0.0,0.0,0.0,0.0,0.0,0.0,0.0,0.0,0.0,0.0,0.0,0.0,0.0,0.0,0.0,0.0,0.0,0.0,0.0,0.0,0.0,0.0,0.0,0.0,0.0,0.0,0.0,0.0,0.0,0.0,0.0,0.0,0.0,0.0,0.0,0.0,0.0,0.0,0.0,0.0,0.0,0.0,0.0,0.0,0.0,0.0,0.0,0.0,0.0,0.0,0.0,0.0,0.0,0.0,0.0,0.0,0.0,0.0,0.0,0.0,0.0,0.0,0.0,0.0,0.0,0.0,0.0,0.0,0.0,0.0,0.0,0.0,0.0,0.0,0.0,0.0,0.0,0.0,0.0,0.0,0.0,0.0,0.0,0.0,0.0,0.0
0.0,0.000208464056551275,0.0038152204893199034,0.0,0.0,0.0,0.000231572136072506,7.8970530077158e-05,9.705326988945001e-06,9.310209043354e-06,0.0,0.0,0.0,0.0,0.0,1.3489223423183999e-05,2.0403878864979998e-06,7.605459824547e-06,0.0,0.0,3.967420586244e-06,0.0,0.0,1.3885299208223e-05,0.0,0.0,1.3504783075762e-05,0.0,0.000512983649822253,0.0,6.8304799958975e-05,0.0,0.00010683850515831799,0.0,0.001497728660184705,0.000566908634993525,0.0,0.000591851128734175,0.00066751206130327,1.4752919681483e-05,0.0,0.0,0.0,0.0,0.001343948151916819,0.0013011546834326118,2.4756695588601e-05,0.013764762159323199,0.01216032956375011,0.0,0.0,0.0,0.0,0.0,2.7927295750551e-05,0.0,0.0,0.0,9.918545990571999e-06,0.0,1.893101151741e-05,0.0,0.0,0.0,0.0,0.0,0.0,0.0,0.0,0.0,0.0,0.0,0.0,0.0,0.0,0.0,0.0,0.0,0.0,0.0,0.0,0.0,0.0,0.0,0.0,0.0,0.0,0.0,0.0,0.0,0.0,0.0,0.0,0.0,0.0,0.0,0.0,0.0,0.0,0.0,0.0,0.0,0.0,0.0,0.0,0.0,0.0,0.0,0.0,0.0,0.0,0.0,0.0,0.0,0.0,0.0,0.0,0.0,0.0,0.0,0.0,0.0,0.0,0.0,0.0,0.0,0.0,0.0,0.0,0.0,0.0,0.0,0.0,0.0,0.0,0.0,0.0,0.0,0.0,0.0,0.0,0.0,0.0,0.0,0.0,0.0,0.0,0.0,0.0,0.0,0.0,0.0,0.0,0.0,0.0,0.0,0.0,0.0,0.0,0.0,0.0,0.0,0.0
0.007231834767568644,0.05224281091231885,0.1647065507259529,0.0,0.000256412561184932,0.002142807581256723,0.000227602205151743,0.00166496315000554,0.0,0.000121368977186974,1.5362763017927998e-05,0.0,0.000646420128359904,0.0,0.00271883286829829,0.10073493680552585,0.03584938135543881,0.0,0.05000549585882645,6.1679609395795e-05,1.1009235837164e-05,9.775373314612e-06,0.0,0.03519062254248914,0.0,0.00011063844013022401,0.0015248095482333602,0.003945053700142408,0.03368201355390033,0.0,0.00411576290525624,0.002743086573732124,0.051659086211311135,0.1077745949058512,0.0073070254612818235,0.04252316640947881,4.3927783589080003e-05,0.0014131659858690423,0.17893173074422938,0.07995793973747804,0.0,0.00309539485847148,0.0,0.0,0.34710496356868487,0.4184108724110883,1.5860577986076e-05,0.03518777355802998,0.012419428708536757,0.0,1.0141163941568594,1.28395074784e-06,0.04695004287011628,2.4566261220752e-05,6.1371983474164e-05,0.0012514434595226318,0.011442164811891985,0.0,0.0,4.84628632466e-06,0.0,0.048606488353002825,0.0,0.0,0.0,0.0,0.0,0.0,0.0,0.0,0.0,0.0,0.0,0.0,0.0,0.0,0.0,0.0,0.0,0.0,0.0,0.0,0.0,0.0,0.0,0.0,0.0,0.0,0.0,0.0,0.0,0.0,0.0,0.0,0.0,0.0,0.0,0.0,0.0,0.0,0.0,0.0,0.0,0.0,0.0,0.0,0.0,0.0,0.0,0.0,0.0,0.0,0.0,0.0,0.0,0.0,0.0,0.0,0.0,0.0,0.0,0.0,0.0,0.0,0.0,0.0,0.0,0.0,0.0,0.0,0.0,0.0,0.0,0.0,0.0,0.0,0.0,0.0,0.0,0.0,0.0,0.0,0.0,0.0,0.0,0.0,0.0,0.0,0.0,0.0,0.0,0.0,0.0,0.0,0.0,0.0,0.0,0.0,0.0,0.0,0.0,0.0,0.0
0.0,0.000306564942167145,0.002650651077898785,0.0,0.0,1.5682986997130003e-06,2.3411373238573e-05,1.3302528799972002e-05,0.0,1.0562006800492e-05,0.0,0.0,0.0,0.0,0.0,0.00012050546941903301,2.160411799442e-06,0.0,6.1679609395795e-05,1.1426171056501e-05,1.652315432332e-06,1.0754040210039999e-06,0.0,0.000110499664923969,0.0,0.0,1.0922076399916e-05,0.0,0.00010953999490485201,0.0,1.1650215599524001e-05,0.0,5.3717712349559e-05,0.000107894969383355,0.0,0.00037359581105102,0.0,0.00019290067049947503,0.00034738777503082104,1.5620746411507e-05,0.0,0.0,0.0,0.0,0.004663171598290149,0.0005527784148327851,0.0,0.002375039691964982,0.00137650366699972,0.0,0.000704949994245607,0.0,2.3076387699503e-05,3.42784957782e-06,2.2733741290140004e-06,0.0,2.1034544027267e-05,0.0,0.0,0.0,0.0,0.0,0.0,0.0,0.0,0.0,0.0,0.0,0.0,0.0,0.0,0.0,0.0,0.0,0.0,0.0,0.0,0.0,0.0,0.0,0.0,0.0,0.0,0.0,0.0,0.0,0.0,0.0,0.0,0.0,0.0,0.0,0.0,0.0,0.0,0.0,0.0,0.0,0.0,0.0,0.0,0.0,0.0,0.0,0.0,0.0,0.0,0.0,0.0,0.0,0.0,0.0,0.0,0.0,0.0,0.0,0.0,0.0,0.0,0.0,0.0,0.0,0.0,0.0,0.0,0.0,0.0,0.0,0.0,0.0,0.0,0.0,0.0,0.0,0.0,0.0,0.0,0.0,0.0,0.0,0.0,0.0,0.0,0.0,0.0,0.0,0.0,0.0,0.0,0.0,0.0,0.0,0.0,0.0,0.0,0.0,0.0,0.0,0.0,0.0,0.0,0.0,0.0
2.1841407582400002e-06,0.0009666884429225561,0.002584046632580987,0.0,0.0,2.61383206796e-07,0.00013234553227817097,4.4025052221256005e-05,5.23946736792e-06,1.887952791502e-05,0.0,0.0,1.925368637016e-06,3.11170700522e-07,0.0,5.1330654589676996e-05,9.010468519766e-06,3.967420586244e-06,1.1009235837164e-05,1.652315432332e-06,3.299952718611001e-06,1.4562778968e-07,0.0,4.4910216001779006e-05,0.0,0.0,1.2111745327811e-05,0.0,0.000420837165424763,0.0,4.1739519721852e-05,0.0,9.869496246851201e-05,4.5352575723756e-05,0.00079389584892762,0.00039779616542224796,6.1211636871e-07,0.00042603100739745705,0.00047599729892694795,4.2045837060556e-05,0.0,7.50454720288e-07,0.0,1.2602431632e-07,0.0020043691871735954,0.001128188089211991,1.3106497071204e-05,0.007815576175073155,0.006708394528721524,4.3208399136000004e-08,0.0006784817747915499,0.0,1.1840084330456999e-05,2.8565511699200004e-07,1.4993444278272e-05,1.063511327131e-06,8.074259018444e-06,0.0,5.2509994118879996e-06,0.0,1.0678434363105002e-05,0.0,0.0,0.0,0.0,0.0,0.0,0.0,0.0,0.0,0.0,0.0,0.0,0.0,0.0,0.0,0.0,0.0,0.0,0.0,0.0,0.0,0.0,0.0,0.0,0.0,0.0,0.0,0.0,0.0,0.0,0.0,0.0,0.0,0.0,0.0,0.0,0.0,0.0,0.0,0.0,0.0,0.0,0.0,0.0,0.0,0.0,0.0,0.0,0.0,0.0,0.0,0.0,0.0,0.0,0.0,0.0,0.0,0.0,0.0,0.0,0.0,0.0,0.0,0.0,0.0,0.0,0.0,0.0,0.0,0.0,0.0,0.0,0.0,0.0,0.0,0.0,0.0,0.0,0.0,0.0,0.0,0.0,0.0,0.0,0.0,0.0,0.0,0.0,0.0,0.0,0.0,0.0,0.0,0.0,0.0,0.0,0.0,0.0,0.0,0.0,0.0,0.0
0.0,2.4525186912179998e-05,0.0004200350235378,0.0,0.0,1.2546385269200001e-07,2.1870000842419997e-06,1.064201936848e-06,0.0,8.44960252528e-07,6.183584219000001e-07,0.0,0.0,0.0,0.0,1.4685073852682e-05,6.035062496204001e-06,0.0,9.775373314612e-06,1.0754040210039999e-06,1.4562778968e-07,3.05440852176e-07,0.0,1.700089264833e-05,0.0,0.0,8.73765810544e-07,0.0,3.1553062778408e-05,0.0,1.335294294196e-06,0.0,2.5477574979476e-05,2.0891894912295998e-05,2.35245079031e-06,3.978743779034e-05,0.0,1.54320483159e-05,3.3840171887784e-05,1.2496592817880001e-06,0.0,4.9149421046000004e-06,0.0,0.0,0.00038414678525603796,4.4222257929940004e-05,1.81474789414e-06,0.00032683929032810996,0.00016671770326262,0.0,0.000331639571894562,0.0,2.7807086169012003e-05,4.57046610376e-07,1.100760703406e-06,0.0,1.682762941628e-06,0.0,0.0,0.0,0.0,0.0,0.0,0.0,0.0,0.0,0.0,0.0,0.0,0.0,0.0,0.0,0.0,0.0,0.0,0.0,0.0,0.0,0.0,0.0,0.0,0.0,0.0,0.0,0.0,0.0,0.0,0.0,0.0,0.0,0.0,0.0,0.0,0.0,0.0,0.0,0.0,0.0,0.0,0.0,0.0,0.0,0.0,0.0,0.0,0.0,0.0,0.0,0.0,0.0,0.0,0.0,0.0,0.0,0.0,0.0,0.0,0.0,0.0,0.0,0.0,0.0,0.0,0.0,0.0,0.0,0.0,0.0,0.0,0.0,0.0,0.0,0.0,0.0,0.0,0.0,0.0,0.0,0.0,0.0,0.0,0.0,0.0,0.0,0.0,0.0,0.0,0.0,0.0,0.0,0.0,0.0,0.0,0.0,0.0,0.0,0.0,0.0,0.0,0.0,0.0,0.0,0.0
0.0,0.0,0.0,0.0,0.0,0.0,0.0,0.0,0.0,0.0,0.0,0.0,0.0,0.0,0.0,0.0,0.0,0.0,0.0,0.0,0.0,0.0,0.0,0.0,0.0,0.0,0.0,0.0,0.0,0.0,0.0,0.0,0.0,0.0,0.0,0.0,0.0,0.0,0.0,0.0,0.0,0.0,0.0,0.0,0.0,0.0,0.0,0.0,0.0,0.0,0.0,0.0,0.0,0.0,0.0,0.0,0.0,0.0,0.0,0.0,0.0,0.0,0.0,0.0,0.0,0.0,0.0,0.0,0.0,0.0,0.0,0.0,0.0,0.0,0.0,0.0,0.0,0.0,0.0,0.0,0.0,0.0,0.0,0.0,0.0,0.0,0.0,0.0,0.0,0.0,0.0,0.0,0.0,0.0,0.0,0.0,0.0,0.0,0.0,0.0,0.0,0.0,0.0,0.0,0.0,0.0,0.0,0.0,0.0,0.0,0.0,0.0,0.0,0.0,0.0,0.0,0.0,0.0,0.0,0.0,0.0,0.0,0.0,0.0,0.0,0.0,0.0,0.0,0.0,0.0,0.0,0.0,0.0,0.0,0.0,0.0,0.0,0.0,0.0,0.0,0.0,0.0,0.0,0.0,0.0,0.0,0.0,0.0,0.0,0.0,0.0,0.0,0.0,0.0,0.0,0.0,0.0,0.0,0.0,0.0,0.0,0.0,0.0
0.009551079902736705,0.05325814452103954,0.208632976069445,0.0,0.000229218988492346,0.001522077414267028,0.00181969932265732,0.001392705797055282,2.392243432824e-05,0.00047642357534526906,8.8420528762068e-05,0.0,0.0005901931333799279,1.1824468906469999e-05,0.002071969142751554,0.08077771058016482,0.02673136141406727,1.3885299208223e-05,0.03519062254248914,0.000110499664923969,4.4910216001779006e-05,1.700089264833e-05,0.0,0.033292579981980534,2.3944541839950003e-06,7.793501833725601e-05,0.0021665250017056234,0.002789061260958784,0.030812353708527144,9.311769942589e-06,0.0035300488753939024,0.002096283919256422,0.04185816977508724,0.07938161145233331,0.00746216006177505,0.03945516306885421,0.0006465904272499561,0.021214865773123915,0.1316023056150394,0.05708645409801292,0.0,0.004961198323057153,0.0,4.486429661001e-05,0.34139018654818765,0.3070674159970527,0.000269711421267801,0.09028909081675503,0.0767293097198967,0.0,0.7684419293889658,1.860832505392e-05,0.03598199857939405,2.6878700178874e-05,0.00018899814959791298,0.000991805873236705,0.008931299941035534,4.788908367990001e-06,1.5963030820836002e-05,7.023732910733e-05,5.5400540173605e-05,0.03423898200880415,0.0,0.0,0.0,0.0,0.0,0.0,0.0,0.0,0.0,0.0,0.0,0.0,0.0,0.0,0.0,0.0,0.0,0.0,0.0,0.0,0.0,0.0,0.0,0.0,0.0,0.0,0.0,0.0,0.0,0.0,0.0,0.0,0.0,0.0,0.0,0.0,0.0,0.0,0.0,0.0,0.0,0.0,0.0,0.0,0.0,0.0,0.0,0.0,0.0,0.0,0.0,0.0,0.0,0.0,0.0,0.0,0.0,0.0,0.0,0.0,0.0,0.0,0.0,0.0,0.0,0.0,0.0,0.0,0.0,0.0,0.0,0.0,0.0,0.0,0.0,0.0,0.0,0.0,0.0,0.0,0.0,0.0,0.0,0.0,0.0,0.0,0.0,0.0,0.0,0.0,0.0,0.0,0.0,0.0,0.0,0.0,0.0,0.0,0.0,0.0,0.0
1.3106487158160001e-05,0.000178420735394805,0.00022226417486872498,0.0,0.0,5.42872038195e-07,0.0,0.0,2.0756864376e-07,0.0,0.0,0.0,0.0,0.0,0.0,2.5708877920605e-05,0.0,0.0,0.0,0.0,0.0,0.0,0.0,2.3944541839950003e-06,7.56143289225e-07,0.0,0.0,0.0,4.8569616553245e-05,0.0,0.0,0.0,0.0,2.7266993183249997e-06,0.0,0.0,0.0,0.0,0.0,3.6808148189265e-05,0.0,0.0,0.0,6.805289603025e-06,0.000363243325710885,0.000734769822394455,0.0,0.0,0.0,0.0,0.00010744798879017,0.0,6.108453255495e-06,0.0,0.0,0.0,0.0,1.51228657845e-06,0.0,0.0,0.0,0.0,0.0,0.0,0.0,0.0,0.0,0.0,0.0,0.0,0.0,0.0,0.0,0.0,0.0,0.0,0.0,0.0,0.0,0.0,0.0,0.0,0.0,0.0,0.0,0.0,0.0,0.0,0.0,0.0,0.0,0.0,0.0,0.0,0.0,0.0,0.0,0.0,0.0,0.0,0.0,0.0,0.0,0.0,0.0,0.0,0.0,0.0,0.0,0.0,0.0,0.0,0.0,0.0,0.0,0.0,0.0,0.0,0.0,0.0,0.0,0.0,0.0,0.0,0.0,0.0,0.0,0.0,0.0,0.0,0.0,0.0,0.0,0.0,0.0,0.0,0.0,0.0,0.0,0.0,0.0,0.0,0.0,0.0,0.0,0.0,0.0,0.0,0.0,0.0,0.0,0.0,0.0,0.0,0.0,0.0,0.0,0.0,0.0,0.0,0.0,0.0,0.0
1.5290894148288e-05,0.00010165039608242401,0.000304434416674638,0.0,5.8811115732e-07,4.965903847272e-06,0.0,3.72470484177e-06,0.0,0.0,0.0,0.0,1.4928980214240002e-06,0.0,6.3011924205600005e-06,0.00022732013504653202,8.275757294319001e-05,0.0,0.00011063844013022401,0.0,0.0,0.0,0.0,7.793501833725601e-05,0.0,2.5729850451600006e-07,3.1687997474820004e-06,9.174536590422002e-06,7.406001650568601e-05,0.0,9.387376504776e-06,6.3516025280400004e-06,0.00011459768842095001,0.00024347190022198202,1.6467116462928e-05,9.307057448499601e-05,0.0,0.0,0.00040983686982489,0.00018577558793720402,0.0,6.449304194592001e-06,0.0,0.0,0.0006725653651622521,0.0009573688888836181,0.0,2.301867637866e-05,0.0,0.0,0.0022225804503158224,0.0,0.00010552630486984201,0.0,0.0,2.8985487163560003e-06,2.5512268294392005e-05,0.0,0.0,0.0,0.0,0.00011303826001416601,0.0,0.0,0.0,0.0,0.0,0.0,0.0,0.0,0.0,0.0,0.0,0.0,0.0,0.0,0.0,0.0,0.0,0.0,0.0,0.0,0.0,0.0,0.0,0.0,0.0,0.0,0.0,0.0,0.0,0.0,0.0,0.0,0.0,0.0,0.0,0.0,0.0,0.0,0.0,0.0,0.0,0.0,0.0,0.0,0.0,0.0,0.0,0.0,0.0,0.0,0.0,0.0,0.0,0.0,0.0,0.0,0.0,0.0,0.0,0.0,0.0,0.0,0.0,0.0,0.0,0.0,0.0,0.0,0.0,0.0,0.0,0.0,0.0,0.0,0.0,0.0,0.0,0.0,0.0,0.0,0.0,0.0,0.0,0.0,0.0,0.0,0.0,0.0,0.0,0.0,0.0,0.0,0.0,0.0,0.0,0.0,0.0,0.0,0.0,0.0,0.0
0.00034460708668536004,0.0034531069463678843,0.01758810483138674,0.0,7.24297442114e-06,6.319714927675201e-05,0.000488514392501072,0.00020252528785729302,1.7210921294212e-05,4.2174679277356e-05,1.1660454000276e-05,0.0,2.1274065732288e-05,4.6675524562999996e-07,8.651501261752601e-05,0.004122734816722527,0.0018731022415724291,1.3504783075762e-05,0.0015248095482333602,1.0922076399916e-05,1.2111745327811e-05,8.73765810544e-07,0.0,0.0021665250017056234,0.0,3.1687997474820004e-06,0.000599562535895398,0.00011299043220511901,0.00198828748289581,0.0,0.00050287342066925,7.822414873658001e-05,0.004808197548030435,0.004391564879557459,0.002884082334670114,0.003950374026430526,0.0,0.010760145216948099,0.006795383252929048,0.002334289689371796,0.0,0.000181971354542336,0.0,1.722026699928e-05,0.047621614221104246,0.015203394078223794,4.3688305483722004e-05,0.04207291005033422,0.028699647814683413,0.0,0.0365433818735078,0.0,0.001336259379638752,0.0,5.9369324544942e-05,3.7292791738027e-05,0.0007005181362578841,0.0,1.7503324126584e-05,0.0,3.4391868738495004e-05,0.001392140270937407,0.0,0.0,0.0,0.0,0.0,0.0,0.0,0.0,0.0,0.0,0.0,0.0,0.0,0.0,0.0,0.0,0.0,0.0,0.0,0.0,0.0,0.0,0.0,0.0,0.0,0.0,0.0,0.0,0.0,0.0,0.0,0.0,0.0,0.0,0.0,0.0,0.0,0.0,0.0,0.0,0.0,0.0,0.0,0.0,0.0,0.0,0.0,0.0,0.0,0.0,0.0,0.0,0.0,0.0,0.0,0.0,0.0,0.0,0.0,0.0,0.0,0.0,0.0,0.0,0.0,0.0,0.0,0.0,0.0,0.0,0.0,0.0,0.0,0.0,0.0,0.0,0.0,0.0,0.0,0.0,0.0,0.0,0.0,0.0,0.0,0.0,0.0,0.0,0.0,0.0,0.0,0.0,0.0,0.0,0.0,0.0,0.0,0.0,0.0,0.0,0.0
0.000545230016504096,0.0036245654829723086,0.011135457426083257,0.0,2.097037968494e-05,0.000177070079116924,0.0,0.000132812434816215,0.0,0.0,0.0,0.0,5.3232518972808e-05,0.0,0.00022468269115852,0.008105592765287094,0.0029509008710721053,0.0,0.003945053700142408,0.0,0.0,0.0,0.0,0.002789061260958784,0.0,9.174536590422002e-06,0.00011299043220511901,0.00033010525058933804,0.002640770620088937,0.0,0.000334727282590092,0.00022648017294518,0.004086229290658026,0.00868151900660287,0.000587170775873976,0.003318633323230582,0.0,0.0,0.014677532789421839,0.006624231774464319,0.0,0.000229963937906864,0.0,0.0,0.02404844359442442,0.03413706549953233,0.0,0.00082078086344247,0.0,0.0,0.07935228643746801,0.0,0.003762769422626739,0.0,0.0,0.000103354045167702,0.0009096952950109641,0.0,0.0,0.0,0.0,0.004030624486405098,0.0,0.0,0.0,0.0,0.0,0.0,0.0,0.0,0.0,0.0,0.0,0.0,0.0,0.0,0.0,0.0,0.0,0.0,0.0,0.0,0.0,0.0,0.0,0.0,0.0,0.0,0.0,0.0,0.0,0.0,0.0,0.0,0.0,0.0,0.0,0.0,0.0,0.0,0.0,0.0,0.0,0.0,0.0,0.0,0.0,0.0,0.0,0.0,0.0,0.0,0.0,0.0,0.0,0.0,0.0,0.0,0.0,0.0,0.0,0.0,0.0,0.0,0.0,0.0,0.0,0.0,0.0,0.0,0.0,0.0,0.0,0.0,0.0,0.0,0.0,0.0,0.0,0.0,0.0,0.0,0.0,0.0,0.0,0.0,0.0,0.0,0.0,0.0,0.0,0.0,0.0,0.0,0.0,0.0,0.0,0.0,0.0,0.0,0.0,0.0,0.0
0.0052431578951567205,0.45942539738642096,0.4412632679546214,0.0,0.00016928012115822,0.001470028123305607,0.016331586214820438,0.0065269232801155735,0.000674026823810382,0.002744235238438878,0.0,0.0,0.004919833671085967,0.000725676384407038,0.00181371600099276,0.089468405691806,0.026288874026308428,0.000512983649822253,0.03368201355390033,0.00010953999490485201,0.000420837165424763,3.1553062778408e-05,0.0,0.030812353708527144,4.8569616553245e-05,7.406001650568601e-05,0.00198828748289581,0.002640770620088937,0.2828308224798106,7.2337753432472e-05,0.008357962269699731,0.00182822589252534,0.05472930440736117,0.07574047455759801,0.10726309797406126,0.08045176309440408,3.178925115828e-05,0.045296072255514554,0.20167402014254296,0.058547659423825116,0.0,0.002662397205836736,0.0,0.000437126548979205,0.6395143152230388,0.4392395301805884,0.001877913028981593,1.0291612062055528,0.8897109845252885,2.3030003099649004e-05,0.7854672100182678,0.0,0.049287616127049086,8.900984905188e-05,0.0021491988269046183,0.0033145077580775746,0.008435121614971812,9.713923310649e-05,0.000678949152218556,0.0,0.002826015232320165,0.032536587875513966,0.0,0.0,0.0,0.0,0.0,0.0,0.0,0.0,0.0,0.0,0.0,0.0,0.0,0.0,0.0,0.0,0.0,0.0,0.0,0.0,0.0,0.0,0.0,0.0,0.0,0.0,0.0,0.0,0.0,0.0,0.0,0.0,0.0,0.0,0.0,0.0,0.0,0.0,0.0,0.0,0.0,0.0,0.0,0.0,0.0,0.0,0.0,0.0,0.0,0.0,0.0,0.0,0.0,0.0,0.0,0.0,0.0,0.0,0.0,0.0,0.0,0.0,0.0,0.0,0.0,0.0,0.0,0.0,0.0,0.0,0.0,0.0,0.0,0.0,0.0,0.0,0.0,0.0,0.0,0.0,0.0,0.0,0.0,0.0,0.0,0.0,0.0,0.0,0.0,0.0,0.0,0.0,0.0,0.0,0.0,0.0,0.0,0.0,0.0,0.0,0.0
0.0,0.0,0.000722920126529254,0.0,0.0,0.0,0.0,0.0,0.0,0.000170996203899359,0.0,0.0,0.0,0.0,0.0,9.801864699293001e-06,0.0,0.0,0.0,0.0,0.0,0.0,0.0,9.311769942589e-06,0.0,0.0,0.0,0.0,7.2337753432472e-05,1.1435509379449e-05,0.0,0.0,6.2670667496587e-05,0.0,0.0,0.0,0.0,0.00012056292464188201,1.1762236962823e-05,0.0,0.0,0.0,0.0,0.0,0.000163593107662116,0.0,0.0,0.0,0.000217383556969202,0.0,0.0,0.0,0.0,0.0,0.0,0.0,0.0,0.0,0.0,0.0,0.0,0.0,0.0,0.0,0.0,0.0,0.0,0.0,0.0,0.0,0.0,0.0,0.0,0.0,0.0,0.0,0.0,0.0,0.0,0.0,0.0,0.0,0.0,0.0,0.0,0.0,0.0,0.0,0.0,0.0,0.0,0.0,0.0,0.0,0.0,0.0,0.0,0.0,0.0,0.0,0.0,0.0,0.0,0.0,0.0,0.0,0.0,0.0,0.0,0.0,0.0,0.0,0.0,0.0,0.0,0.0,0.0,0.0,0.0,0.0,0.0,0.0,0.0,0.0,0.0,0.0,0.0,0.0,0.0,0.0,0.0,0.0,0.0,0.0,0.0,0.0,0.0,0.0,0.0,0.0,0.0,0.0,0.0,0.0,0.0,0.0,0.0,0.0,0.0,0.0,0.0,0.0,0.0,0.0,0.0,0.0,0.0,0.0,0.0,0.0,0.0,0.0,0.0
0.000882531423561303,0.009033039644158643,0.05470571759471064,0.0,2.4324616604835e-05,0.000183352632295604,0.0022377484705996837,0.0008735567766539679,9.0012543493457e-05,0.00012056189756969199,0.0,0.0,7.395029845764001e-05,2.5604863789719998e-06,0.00023527212262375001,0.009227814873409238,0.0036135284104205543,6.8304799958975e-05,0.00411576290525624,1.1650215599524001e-05,4.1739519721852e-05,1.335294294196e-06,0.0,0.0035300488753939024,0.0,9.387376504776e-06,0.00050287342066925,0.000334727282590092,0.008357962269699731,0.0,0.0011602982862047569,0.000241412921711645,0.007139497252501877,0.009224182839255586,0.01424122265781146,0.009472479350851121,3.6829753165846004e-05,0.01193235976424522,0.021716657192508003,0.006990163574819411,0.0,0.00045063991809226196,0.0,1.102289115732e-05,0.06243631784125762,0.04838755573066356,0.00023837424847693498,0.1316393310681116,0.11412461590928466,5.530650045900001e-08,0.0858424145505341,1.0446778948e-06,0.004148393375080551,0.0,0.000260216013208799,0.000118625303413932,0.001181529878140543,0.0,9.033227249148e-05,3.943148289575e-06,0.00017781146608449,0.004124130873569676,0.0,0.0,0.0,0.0,0.0,0.0,0.0,0.0,0.0,0.0,0.0,0.0,0.0,0.0,0.0,0.0,0.0,0.0,0.0,0.0,0.0,0.0,0.0,0.0,0.0,0.0,0.0,0.0,0.0,0.0,0.0,0.0,0.0,0.0,0.0,0.0,0.0,0.0,0.0,0.0,0.0,0.0,0.0,0.0,0.0,0.0,0.0,0.0,0.0,0.0,0.0,0.0,0.0,0.0,0.0,0.0,0.0,0.0,0.0,0.0,0.0,0.0,0.0,0.0,0.0,0.0,0.0,0.0,0.0,0.0,0.0,0.0,0.0,0.0,0.0,0.0,0.0,0.0,0.0,0.0,0.0,0.0,0.0,0.0,0.0,0.0,0.0,0.0,0.0,0.0,0.0,0.0,0.0,0.0,0.0,0.0,0.0,0.0,0.0,0.0,0.0
0.0020288847312136113,0.0025093146730405603,0.022154811947372417,0.0,3.2665407195967e-05,0.000132749555537559,0.00036065435678624407,9.19470742113e-05,0.0,0.0,0.0,0.0,7.5856339216519e-05,0.0,0.000189576026643262,0.0069631172605049245,0.0020429314601311,0.0,0.002743086573732124,0.0,0.0,0.0,0.0,0.002096283919256422,0.0,6.3516025280400004e-06,7.822414873658001e-05,0.00022648017294518,0.00182822589252534,0.0,0.000241412921711645,0.000235463160090738,0.0028289280921055,0.006730131428162479,0.00040650286231631996,0.00251377256457719,0.00025555854668961103,0.001818777581152629,0.0101171240904041,0.0045860068102987605,0.0,0.0009959495103132301,0.0,0.0,0.024087533250386973,0.02363335405442242,8.1663519584121e-05,0.0005682329298953999,0.0007546313744001259,0.0,0.06637831796122834,6.61085221064e-06,0.0042342134391429335,8.226840957782e-06,0.0,9.7639765461698e-05,0.000761017812058601,0.0,0.0,2.4952734921235004e-05,0.0,0.00279043245673654,0.0,0.0,0.0,0.0,0.0,0.0,0.0,0.0,0.0,0.0,0.0,0.0,0.0,0.0,0.0,0.0,0.0,0.0,0.0,0.0,0.0,0.0,0.0,0.0,0.0,0.0,0.0,0.0,0.0,0.0,0.0,0.0,0.0,0.0,0.0,0.0,0.0,0.0,0.0,0.0,0.0,0.0,0.0,0.0,0.0,0.0,0.0,0.0,0.0,0.0,0.0,0.0,0.0,0.0,0.0,0.0,0.0,0.0,0.0,0.0,0.0,0.0,0.0,0.0,0.0,0.0,0.0,0.0,0.0,0.0,0.0,0.0,0.0,0.0,0.0,0.0,0.0,0.0,0.0,0.0,0.0,0.0,0.0,0.0,0.0,0.0,0.0,0.0,0.0,0.0,0.0,0.0,0.0,0.0,0.0,0.0,0.0,0.0,0.0,0.0,0.0
0.00818221300031981,0.0713375974512399,0.30571255051518675,0.0,0.00026193770263150003,0.002221781718123267,0.0038863278790763826,0.0028132303769335173,0.000134101825469967,0.001723118383484465,0.0,0.0,0.0006649189921458,0.0,0.0028064760308270003,0.11057202017392824,0.0451416540736185,0.00010683850515831799,0.051659086211311135,5.3717712349559e-05,9.869496246851201e-05,2.5477574979476e-05,0.0,0.04185816977508724,0.0,0.00011459768842095001,0.004808197548030435,0.004086229290658026,0.05472930440736117,6.2670667496587e-05,0.007139497252501877,0.0028289280921055,0.10184724571066006,0.11762798978785091,0.028051765805317125,0.06979697140356096,0.0,0.08069379521702068,0.2041692488990147,0.08304185892398824,0.0,0.004532370945623809,0.0,0.000124625047974165,0.5802474710867841,0.4654724836732868,0.0005608128771409889,0.3198745795714527,0.21833974033648273,2.2785104721876003e-05,1.193678915904314,0.0,0.05624160530409757,0.0,0.000759043477325188,0.00129097906454895,0.014407183259001423,0.0,0.000168673573030876,0.0,0.00025632043098963,0.05034589425662283,0.0,0.0,0.0,0.0,0.0,0.0,0.0,0.0,0.0,0.0,0.0,0.0,0.0,0.0,0.0,0.0,0.0,0.0,0.0,0.0,0.0,0.0,0.0,0.0,0.0,0.0,0.0,0.0,0.0,0.0,0.0,0.0,0.0,0.0,0.0,0.0,0.0,0.0,0.0,0.0,0.0,0.0,0.0,0.0,0.0,0.0,0.0,0.0,0.0,0.0,0.0,0.0,0.0,0.0,0.0,0.0,0.0,0.0,0.0,0.0,0.0,0.0,0.0,0.0,0.0,0.0,0.0,0.0,0.0,0.0,0.0,0.0,0.0,0.0,0.0,0.0,0.0,0.0,0.0,0.0,0.0,0.0,0.0,0.0,0.0,0.0,0.0,0.0,0.0,0.0,0.0,0.0,0.0,0.0,0.0,0.0,0.0,0.0,0.0,0.0,0.0
0.03472288278347355,0.13533042699279815,0.5193965064296117,0.0,0.000769796039821497,0.004717226942240014,0.0047487919922326784,0.0036621388208229345,7.4850532632e-07,0.000627088518743174,3.0660265880839997e-06,0.0,0.0016926742344941519,1.501186834522e-06,0.006362497437346321,0.23718687472123018,0.07908815536048826,0.0,0.1077745949058512,0.000107894969383355,4.5352575723756e-05,2.0891894912295998e-05,0.0,0.07938161145233331,2.7266993183249997e-06,0.00024347190022198202,0.004391564879557459,0.00868151900660287,0.07574047455759801,0.0,0.009224182839255586,0.006730131428162479,0.11762798978785091,0.27048505700804926,0.016118767104819444,0.11076035644802198,0.00267626717154836,0.020222368910397324,0.39551278868415074,0.17701640011454425,0.0,0.016419810829933105,0.0,2.4540293864925e-05,0.7297276312450733,0.9274166781592927,0.000959798404688091,0.3476253480888835,0.02449257039123284,0.0,2.386792596098958,7.769791747543999e-05,0.10790251913834784,2.3794995558496e-05,0.000321867594646366,0.0030545206991249105,0.026823277045226707,5.453398636649999e-06,0.0,0.000293271650450185,3.165359460465e-06,0.10696385513474316,0.0,0.0,0.0,0.0,0.0,0.0,0.0,0.0,0.0,0.0,0.0,0.0,0.0,0.0,0.0,0.0,0.0,0.0,0.0,0.0,0.0,0.0,0.0,0.0,0.0,0.0,0.0,0.0,0.0,0.0,0.0,0.0,0.0,0.0,0.0,0.0,0.0,0.0,0.0,0.0,0.0,0.0,0.0,0.0,0.0,0.0,0.0,0.0,0.0,0.0,0.0,0.0,0.0,0.0,0.0,0.0,0.0,0.0,0.0,0.0,0.0,0.0,0.0,0.0,0.0,0.0,0.0,0.0,0.0,0.0,0.0,0.0,0.0,0.0,0.0,0.0,0.0,0.0,0.0,0.0,0.0,0.0,0.0,0.0,0.0,0.0,0.0,0.0,0.0,0.0,0.0,0.0,0.0,0.0,0.0,0.0,0.0,0.0,0.0,0.0,0.0
0.001131527011031296,0.05138751413327607,0.7823331933882572,0.0,3.7639141894559995e-05,0.00031781808118377594,0.046294490795082875,0.01602117605960715,0.0019289900008801501,0.001893054422202138,2.137531636381e-05,0.0,9.554554400659199e-05,0.0,0.00040327661305248,0.01771098063931504,0.0057290365037666454,0.001497728660184705,0.0073070254612818235,0.0,0.00079389584892762,2.35245079031e-06,0.0,0.00746216006177505,0.0,1.6467116462928e-05,0.002884082334670114,0.000587170775873976,0.10726309797406126,0.0,0.01424122265781146,0.00040650286231631996,0.028051765805317125,0.016118767104819444,0.30083281580859583,0.11949028501503638,0.0,0.1183155934477153,0.15990691250893044,0.014838117238717946,0.0,0.00048071535087575195,0.0,0.0,0.3142948966342813,0.3223877612983507,0.005010525043261091,2.754390543600857,2.4305075609993905,0.0,0.16072321824286448,0.0,0.006753688504575335,0.0,0.005517092934177631,0.00018550725498964798,0.0017330006245469438,0.0,0.00198228852798366,0.0,0.00378349074448605,0.007234453989235128,0.0,0.0,0.0,0.0,0.0,0.0,0.0,0.0,0.0,0.0,0.0,0.0,0.0,0.0,0.0,0.0,0.0,0.0,0.0,0.0,0.0,0.0,0.0,0.0,0.0,0.0,0.0,0.0,0.0,0.0,0.0,0.0,0.0,0.0,0.0,0.0,0.0,0.0,0.0,0.0,0.0,0.0,0.0,0.0,0.0,0.0,0.0,0.0,0.0,0.0,0.0,0.0,0.0,0.0,0.0,0.0,0.0,0.0,0.0,0.0,0.0,0.0,0.0,0.0,0.0,0.0,0.0,0.0,0.0,0.0,0.0,0.0,0.0,0.0,0.0,0.0,0.0,0.0,0.0,0.0,0.0,0.0,0.0,0.0,0.0,0.0,0.0,0.0,0.0,0.0,0.0,0.0,0.0,0.0,0.0,0.0,0.0,0.0,0.0,0.0,0.0
0.011473052687645379,0.08377087766429211,0.5999578859908118,0.0,0.00027680903205377,0.0018606330416667918,0.02012351094052393,0.00786716177754916,0.00075239910529174,0.0027646439326991256,4.716005663124e-05,0.0,0.0006213417749245439,0.0,0.0024354667101063997,0.09732209706464896,0.03214649891718395,0.000566908634993525,0.04252316640947881,0.00037359581105102,0.00039779616542224796,3.978743779034e-05,0.0,0.03945516306885421,0.0,9.307057448499601e-05,0.003950374026430526,0.003318633323230582,0.08045176309440408,0.0,0.009472479350851121,0.00251377256457719,0.06979697140356096,0.11076035644802198,0.11949028501503638,0.12905972398559348,0.000814939572022296,0.07478244458062298,0.22551830955786567,0.06980054667926927,0.0,0.006560919098972147,0.0,1.9222847368199998e-05,0.5979451186931156,0.49511798635077514,0.002631330266546835,1.3548598745307243,1.0136616850308926,1.6476750299037e-05,0.99844514408469,2.3342021052e-05,0.04438021704253378,3.267884052594e-05,0.002466822099670998,0.001140578862273936,0.011382305625970163,0.0,0.0007503204775582999,8.810471710425e-05,0.00143209756913025,0.040888445185846646,0.0,0.0,0.0,0.0,0.0,0.0,0.0,0.0,0.0,0.0,0.0,0.0,0.0,0.0,0.0,0.0,0.0,0.0,0.0,0.0,0.0,0.0,0.0,0.0,0.0,0.0,0.0,0.0,0.0,0.0,0.0,0.0,0.0,0.0,0.0,0.0,0.0,0.0,0.0,0.0,0.0,0.0,0.0,0.0,0.0,0.0,0.0,0.0,0.0,0.0,0.0,0.0,0.0,0.0,0.0,0.0,0.0,0.0,0.0,0.0,0.0,0.0,0.0,0.0,0.0,0.0,0.0,0.0,0.0,0.0,0.0,0.0,0.0,0.0,0.0,0.0,0.0,0.0,0.0,0.0,0.0,0.0,0.0,0.0,0.0,0.0,0.0,0.0,0.0,0.0,0.0,0.0,0.0,0.0,0.0,0.0,0.0,0.0,0.0,0.0,0.0
0.00609840114335227,0.0004896781898694841,0.04762236496523285,0.0,6.701540924799e-05,1.7139258058870998e-05,0.001335895517263434,0.0,0.0,9.618973720664e-06,0.0,0.0,0.00011199112521047901,0.0,0.00012565386705214,0.004996716937528286,0.0,0.0,4.3927783589080003e-05,0.0,6.1211636871e-07,0.0,0.0,0.0006465904272499561,0.0,0.0,0.0,0.0,3.178925115828e-05,0.0,3.6829753165846004e-05,0.00025555854668961103,0.0,0.00267626717154836,0.0,0.000814939572022296,0.0008852803306280251,0.006103730087266437,2.9381593441354e-05,2.5606874778408e-05,0.0,0.0030899502227275002,0.0,0.0,0.013164527249953489,0.00019517335326258,0.00030156929826537,2.9947800642452e-05,0.001272691729601374,0.0,0.0383281053576614,2.44127374408e-05,0.003347720746428708,1.3874631777718e-05,0.0,9.633465260026e-05,0.000477823999265633,0.0,0.0,9.214614797795001e-05,0.0,0.0,0.0,0.0,0.0,0.0,0.0,0.0,0.0,0.0,0.0,0.0,0.0,0.0,0.0,0.0,0.0,0.0,0.0,0.0,0.0,0.0,0.0,0.0,0.0,0.0,0.0,0.0,0.0,0.0,0.0,0.0,0.0,0.0,0.0,0.0,0.0,0.0,0.0,0.0,0.0,0.0,0.0,0.0,0.0,0.0,0.0,0.0,0.0,0.0,0.0,0.0,0.0,0.0,0.0,0.0,0.0,0.0,0.0,0.0,0.0,0.0,0.0,0.0,0.0,0.0,0.0,0.0,0.0,0.0,0.0,0.0,0.0,0.0,0.0,0.0,0.0,0.0,0.0,0.0,0.0,0.0,0.0,0.0,0.0,0.0,0.0,0.0,0.0,0.0,0.0,0.0,0.0,0.0,0.0,0.0,0.0,0.0,0.0,0.0,0.0,0.0,0.0
0.043109698176198745,0.03363065463454273,0.7771993935673727,0.0,0.00044703968682302997,0.000216852526071904,0.02890681294643949,0.00654224659398535,0.00076227085699025,0.0035756360801396723,9.658153157579999e-06,0.0,0.000851580459644101,0.0,0.0008455806495273099,0.049212411144813784,0.020531354768915017,0.000591851128734175,0.0014131659858690423,0.00019290067049947503,0.00042603100739745705,1.54320483159e-05,0.0,0.021214865773123915,0.0,0.0,0.010760145216948099,0.0,0.045296072255514554,0.00012056292464188201,0.01193235976424522,0.001818777581152629,0.08069379521702068,0.020222368910397324,0.1183155934477153,0.07478244458062298,0.006103730087266437,0.32410245108315305,0.0650936348990154,0.002004125047231658,0.0,0.02306951191926543,0.0,0.000412669504658685,1.0226580666114578,0.122216814511355,0.004159777529621337,1.2004655517462648,1.0583849946570159,0.0,0.2940964671303244,0.00016285004631759998,0.031567236155426476,0.000146397780328082,0.0022323630514217005,0.0006426195618572199,0.011207821461013633,0.0,0.0007833326115421,0.00061467930430115,0.0014951061078067502,0.0,0.0,0.0,0.0,0.0,0.0,0.0,0.0,0.0,0.0,0.0,0.0,0.0,0.0,0.0,0.0,0.0,0.0,0.0,0.0,0.0,0.0,0.0,0.0,0.0,0.0,0.0,0.0,0.0,0.0,0.0,0.0,0.0,0.0,0.0,0.0,0.0,0.0,0.0,0.0,0.0,0.0,0.0,0.0,0.0,0.0,0.0,0.0,0.0,0.0,0.0,0.0,0.0,0.0,0.0,0.0,0.0,0.0,0.0,0.0,0.0,0.0,0.0,0.0,0.0,0.0,0.0,0.0,0.0,0.0,0.0,0.0,0.0,0.0,0.0,0.0,0.0,0.0,0.0,0.0,0.0,0.0,0.0,0.0,0.0,0.0,0.0,0.0,0.0,0.0,0.0,0.0,0.0,0.0,0.0,0.0,0.0,0.0,0.0,0.0,0.0,0.0
0.02475797053857301,0.28420587393348795,0.98482611744947,0.0,0.0009367704498653,0.007974765353832952,0.022042980360533735,0.013517033291868296,0.0008597178687641,0.002724206018381812,0.0,0.0,0.002994073560306192,9.9574477629194e-05,0.010036828557027401,0.3733222729733051,0.13275045900580246,0.00066751206130327,0.17893173074422938,0.00034738777503082104,0.00047599729892694795,3.3840171887784e-05,0.0,0.1316023056150394,0.0,0.00040983686982489,0.006795383252929048,0.014677532789421839,0.20167402014254296,1.1762236962823e-05,0.021716657192508003,0.0101171240904041,0.2041692488990147,0.39551278868415074,0.15990691250893044,0.22551830955786567,2.9381593441354e-05,0.0650936348990154,0.7437830402559314,0.2993901882950856,0.0,0.010534877601078968,0.0,0.0,1.4487203398316386,1.6915236465150776,0.002516341944334311,1.3895645589847574,1.1550092596102226,6.913321799622001e-06,3.6698188196024337,0.0,0.17307197636634142,0.0,0.002637280177989322,0.004957264583267076,0.042185563761423114,0.0,0.00088548849388035,0.0,0.001896197033662005,0.18005252981086403,0.0,0.0,0.0,0.0,0.0,0.0,0.0,0.0,0.0,0.0,0.0,0.0,0.0,0.0,0.0,0.0,0.0,0.0,0.0,0.0,0.0,0.0,0.0,0.0,0.0,0.0,0.0,0.0,0.0,0.0,0.0,0.0,0.0,0.0,0.0,0.0,0.0,0.0,0.0,0.0,0.0,0.0,0.0,0.0,0.0,0.0,0.0,0.0,0.0,0.0,0.0,0.0,0.0,0.0,0.0,0.0,0.0,0.0,0.0,0.0,0.0,0.0,0.0,0.0,0.0,0.0,0.0,0.0,0.0,0.0,0.0,0.0,0.0,0.0,0.0,0.0,0.0,0.0,0.0,0.0,0.0,0.0,0.0,0.0,0.0,0.0,0.0,0.0,0.0,0.0,0.0,0.0,0.0,0.0,0.0,0.0,0.0,0.0,0.0,0.0,0.0
0.011678394239957458,0.10836449408308248,0.2434579586662956,0.0,0.00042463012456708,0.0036148419178973017,0.000709273466421401,0.002869521188456208,2.9105120638114e-05,0.000535040285552658,0.0,0.0,0.001077907577356656,0.0,0.0045496095239146404,0.1659253535234058,0.059760952804547504,1.4752919681483e-05,0.07995793973747804,1.5620746411507e-05,4.2045837060556e-05,1.2496592817880001e-06,0.0,0.05708645409801292,3.6808148189265e-05,0.00018577558793720402,0.002334289689371796,0.006624231774464319,0.058547659423825116,0.0,0.006990163574819411,0.0045860068102987605,0.08304185892398824,0.17701640011454425,0.014838117238717946,0.06980054667926927,2.5606874778408e-05,0.002004125047231658,0.2993901882950856,0.1373074904697613,0.0,0.004656549717574048,0.0,0.000331273333703385,0.5194458349567412,0.7406857426814458,4.873672815720301e-05,0.04961999604066152,0.02649844406529837,0.0,1.6241154361362549,0.0,0.07653273782085218,0.0,5.857123370263601e-05,0.002092820527498164,0.018485448729608365,7.361629637853e-05,1.9525928972516e-05,0.0,3.7268122426230005e-05,0.08161628942629306,0.0,0.0,0.0,0.0,0.0,0.0,0.0,0.0,0.0,0.0,0.0,0.0,0.0,0.0,0.0,0.0,0.0,0.0,0.0,0.0,0.0,0.0,0.0,0.0,0.0,0.0,0.0,0.0,0.0,0.0,0.0,0.0,0.0,0.0,0.0,0.0,0.0,0.0,0.0,0.0,0.0,0.0,0.0,0.0,0.0,0.0,0.0,0.0,0.0,0.0,0.0,0.0,0.0,0.0,0.0,0.0,0.0,0.0,0.0,0.0,0.0,0.0,0.0,0.0,0.0,0.0,0.0,0.0,0.0,0.0,0.0,0.0,0.0,0.0,0.0,0.0,0.0,0.0,0.0,0.0,0.0,0.0,0.0,0.0,0.0,0.0,0.0,0.0,0.0,0.0,0.0,0.0,0.0,0.0,0.0,0.0,0.0,0.0,0.0,0.0,0.0
0.0,0.0,0.0,0.0,0.0,0.0,0.0,0.0,0.0,0.0,0.0,0.0,0.0,0.0,0.0,0.0,0.0,0.0,0.0,0.0,0.0,0.0,0.0,0.0,0.0,0.0,0.0,0.0,0.0,0.0,0.0,0.0,0.0,0.0,0.0,0.0,0.0,0.0,0.0,0.0,0.0,0.0,0.0,0.0,0.0,0.0,0.0,0.0,0.0,0.0,0.0,0.0,0.0,0.0,0.0,0.0,0.0,0.0,0.0,0.0,0.0,0.0,0.0,0.0,0.0,0.0,0.0,0.0,0.0,0.0,0.0,0.0,0.0,0.0,0.0,0.0,0.0,0.0,0.0,0.0,0.0,0.0,0.0,0.0,0.0,0.0,0.0,0.0,0.0,0.0,0.0,0.0,0.0,0.0,0.0,0.0,0.0,0.0,0.0,0.0,0.0,0.0,0.0,0.0,0.0,0.0,0.0,0.0,0.0,0.0,0.0,0.0,0.0,0.0,0.0,0.0,0.0,0.0,0.0,0.0,0.0,0.0,0.0,0.0,0.0,0.0,0.0,0.0,0.0,0.0,0.0,0.0,0.0,0.0,0.0,0.0,0.0,0.0,0.0,0.0,0.0,0.0,0.0,0.0,0.0,0.0,0.0,0.0,0.0,0.0,0.0,0.0,0.0,0.0,0.0,0.0,0.0,0.0,0.0,0.0,0.0,0.0,0.0
0.02297037820982366,0.0025479134714346883,0.17375550144845892,0.0,0.00026266537690309,0.000124472641504064,0.004952381432578056,9.336142316424e-05,0.0,0.0,1.786365824584e-05,0.0,0.000352093031636688,0.0,0.00062279985710922,0.02449999445844368,0.002516324168491214,0.0,0.00309539485847148,0.0,7.50454720288e-07,4.9149421046000004e-06,0.0,0.004961198323057153,0.0,6.449304194592001e-06,0.000181971354542336,0.000229963937906864,0.002662397205836736,0.0,0.00045063991809226196,0.0009959495103132301,0.004532370945623809,0.016419810829933105,0.00048071535087575195,0.006560919098972147,0.0030899502227275002,0.02306951191926543,0.010534877601078968,0.004656549717574048,0.0,0.012763923530514023,0.0,4.502712787365e-06,0.02899000492796526,0.023996887204857615,0.001168084266411854,0.008170412979947786,0.0028805242647322402,0.0,0.1997252355053402,9.031513942e-05,0.007930825402262393,0.0,4.843137375545e-05,0.000429044348244172,0.0024632748785991592,0.0,0.0,0.00034089549448625004,0.0,0.002833355467145392,0.0,0.0,0.0,0.0,0.0,0.0,0.0,0.0,0.0,0.0,0.0,0.0,0.0,0.0,0.0,0.0,0.0,0.0,0.0,0.0,0.0,0.0,0.0,0.0,0.0,0.0,0.0,0.0,0.0,0.0,0.0,0.0,0.0,0.0,0.0,0.0,0.0,0.0,0.0,0.0,0.0,0.0,0.0,0.0,0.0,0.0,0.0,0.0,0.0,0.0,0.0,0.0,0.0,0.0,0.0,0.0,0.0,0.0,0.0,0.0,0.0,0.0,0.0,0.0,0.0,0.0,0.0,0.0,0.0,0.0,0.0,0.0,0.0,0.0,0.0,0.0,0.0,0.0,0.0,0.0,0.0,0.0,0.0,0.0,0.0,0.0,0.0,0.0,0.0,0.0,0.0,0.0,0.0,0.0,0.0,0.0,0.0,0.0,0.0,0.0,0.0
0.0,0.0,0.0,0.0,0.0,0.0,0.0,0.0,0.0,0.0,0.0,0.0,0.0,0.0,0.0,0.0,0.0,0.0,0.0,0.0,0.0,0.0,0.0,0.0,0.0,0.0,0.0,0.0,0.0,0.0,0.0,0.0,0.0,0.0,0.0,0.0,0.0,0.0,0.0,0.0,0.0,0.0,0.0,0.0,0.0,0.0,0.0,0.0,0.0,0.0,0.0,0.0,0.0,0.0,0.0,0.0,0.0,0.0,0.0,0.0,0.0,0.0,0.0,0.0,0.0,0.0,0.0,0.0,0.0,0.0,0.0,0.0,0.0,0.0,0.0,0.0,0.0,0.0,0.0,0.0,0.0,0.0,0.0,0.0,0.0,0.0,0.0,0.0,0.0,0.0,0.0,0.0,0.0,0.0,0.0,0.0,0.0,0.0,0.0,0.0,0.0,0.0,0.0,0.0,0.0,0.0,0.0,0.0,0.0,0.0,0.0,0.0,0.0,0.0,0.0,0.0,0.0,0.0,0.0,0.0,0.0,0.0,0.0,0.0,0.0,0.0,0.0,0.0,0.0,0.0,0.0,0.0,0.0,0.0,0.0,0.0,0.0,0.0,0.0,0.0,0.0,0.0,0.0,0.0,0.0,0.0,0.0,0.0,0.0,0.0,0.0,0.0,0.0,0.0,0.0,0.0,0.0,0.0,0.0,0.0,0.0,0.0,0.0
0.00012232721376601502,0.001605786618553245,0.00211814872089747,0.0,0.0,4.885848343755e-06,1.9543403809799998e-06,0.0,1.86811779384e-06,0.0,0.0,0.0,0.0,0.0,0.0,0.00025137569541693,3.720143243877e-05,0.0,0.0,0.0,1.2602431632e-07,0.0,0.0,4.486429661001e-05,6.805289603025e-06,0.0,1.722026699928e-05,0.0,0.000437126548979205,0.0,1.102289115732e-05,0.0,0.000124625047974165,2.4540293864925e-05,0.0,1.9222847368199998e-05,0.0,0.000412669504658685,0.0,0.000331273333703385,0.0,4.502712787365e-06,0.0,6.200374971645e-05,0.004477198587656595,0.006612928401550095,0.0,8.878636736862e-05,7.186963768476e-05,0.0,0.00096703189911153,0.0,5.4976079299455e-05,0.0,0.0,0.0,1.3532218356075e-05,1.361057920605e-05,0.0,0.0,0.0,0.0,0.0,0.0,0.0,0.0,0.0,0.0,0.0,0.0,0.0,0.0,0.0,0.0,0.0,0.0,0.0,0.0,0.0,0.0,0.0,0.0,0.0,0.0,0.0,0.0,0.0,0.0,0.0,0.0,0.0,0.0,0.0,0.0,0.0,0.0,0.0,0.0,0.0,0.0,0.0,0.0,0.0,0.0,0.0,0.0,0.0,0.0,0.0,0.0,0.0,0.0,0.0,0.0,0.0,0.0,0.0,0.0,0.0,0.0,0.0,0.0,0.0,0.0,0.0,0.0,0.0,0.0,0.0,0.0,0.0,0.0,0.0,0.0,0.0,0.0,0.0,0.0,0.0,0.0,0.0,0.0,0.0,0.0,0.0,0.0,0.0,0.0,0.0,0.0,0.0,0.0,0.0,0.0,0.0,0.0,0.0,0.0,0.0,0.0,0.0,0.0,0.0
0.0652745167021158,1.436126732201586,4.98618009500482,0.0,0.0016032801586513081,0.018344582693515677,0.06016738968914172,0.03117834460860088,0.0018260748723808043,0.013937943623338594,0.0005117007672044279,0.0,0.016909198102004988,0.001012719110066606,0.01682258819289882,0.7941937410427559,0.27949173967677293,0.001343948151916819,0.34710496356868487,0.004663171598290149,0.0020043691871735954,0.00038414678525603796,0.0,0.34139018654818765,0.000363243325710885,0.0006725653651622521,0.047621614221104246,0.02404844359442442,0.6395143152230388,0.000163593107662116,0.06243631784125762,0.024087533250386973,0.5802474710867841,0.7297276312450733,0.3142948966342813,0.5979451186931156,0.013164527249953489,1.0226580666114578,1.4487203398316386,0.5194458349567412,0.0,0.02899000492796526,0.0,0.004477198587656595,12.476333773359784,3.514327400702387,0.004713555031586733,4.400427497245456,3.6112287634372437,2.2435649400066e-05,8.161757397656718,2.4038153114559998e-05,0.8663277552405474,0.003450492959173646,0.006498310657109246,0.011132762931315677,0.10980269825940178,0.00072648665142177,0.001769476001094028,9.073227528794e-05,0.005512697012283286,0.2954763330892408,0.0,0.0,0.0,0.0,0.0,0.0,0.0,0.0,0.0,0.0,0.0,0.0,0.0,0.0,0.0,0.0,0.0,0.0,0.0,0.0,0.0,0.0,0.0,0.0,0.0,0.0,0.0,0.0,0.0,0.0,0.0,0.0,0.0,0.0,0.0,0.0,0.0,0.0,0.0,0.0,0.0,0.0,0.0,0.0,0.0,0.0,0.0,0.0,0.0,0.0,0.0,0.0,0.0,0.0,0.0,0.0,0.0,0.0,0.0,0.0,0.0,0.0,0.0,0.0,0.0,0.0,0.0,0.0,0.0,0.0,0.0,0.0,0.0,0.0,0.0,0.0,0.0,0.0,0.0,0.0,0.0,0.0,0.0,0.0,0.0,0.0,0.0,0.0,0.0,0.0,0.0,0.0,0.0,0.0,0.0,0.0,0.0,0.0,0.0,0.0,0.0
0.07122312387023311,0.8609512750408147,2.298445049203395,0.0,0.00218827282452586,0.01910809079238608,0.04378202952445298,0.02844563040178184,0.002215048967714046,0.006916571339950287,1.8777479116264e-05,0.0,0.005554848142921752,0.0,0.02344578565530788,0.8903268164573135,0.30951449172951945,0.0013011546834326118,0.4184108724110883,0.0005527784148327851,0.001128188089211991,4.4222257929940004e-05,0.0,0.3070674159970527,0.000734769822394455,0.0009573688888836181,0.015203394078223794,0.03413706549953233,0.4392395301805884,0.0,0.04838755573066356,0.02363335405442242,0.4654724836732868,0.9274166781592927,0.3223877612983507,0.49511798635077514,0.00019517335326258,0.122216814511355,1.6915236465150776,0.7406857426814458,0.0,0.023996887204857615,0.0,0.006612928401550095,3.514327400702387,4.74623325461547,0.00453652479788177,2.6951050603340536,2.225272792313382,3.9362725799082e-05,8.775954617573314,0.0,0.4061437411770718,0.0,0.004942560579499823,0.010785062156395938,0.09799233310050416,0.00146953964478891,0.0017221170100214238,0.0,0.0032869149351157203,0.4205982992193025,0.0,0.0,0.0,0.0,0.0,0.0,0.0,0.0,0.0,0.0,0.0,0.0,0.0,0.0,0.0,0.0,0.0,0.0,0.0,0.0,0.0,0.0,0.0,0.0,0.0,0.0,0.0,0.0,0.0,0.0,0.0,0.0,0.0,0.0,0.0,0.0,0.0,0.0,0.0,0.0,0.0,0.0,0.0,0.0,0.0,0.0,0.0,0.0,0.0,0.0,0.0,0.0,0.0,0.0,0.0,0.0,0.0,0.0,0.0,0.0,0.0,0.0,0.0,0.0,0.0,0.0,0.0,0.0,0.0,0.0,0.0,0.0,0.0,0.0,0.0,0.0,0.0,0.0,0.0,0.0,0.0,0.0,0.0,0.0,0.0,0.0,0.0,0.0,0.0,0.0,0.0,0.0,0.0,0.0,0.0,0.0,0.0,0.0,0.0,0.0,0.0
0.002201890444310019,0.0006886674823722751,0.02825127905115044,0.0,2.4196602646502996e-05,0.0,0.0012501126349768802,0.000260881597669878,3.188522695383e-05,6.393209665614299e-05,1.648953105314e-05,0.0,3.0711068977751995e-05,0.0,4.5368620831757995e-05,0.00184663252200234,2.5843059354208e-05,2.4756695588601e-05,1.5860577986076e-05,0.0,1.3106497071204e-05,1.81474789414e-06,0.0,0.000269711421267801,0.0,0.0,4.3688305483722004e-05,0.0,0.001877913028981593,0.0,0.00023837424847693498,8.1663519584121e-05,0.0005608128771409889,0.000959798404688091,0.005010525043261091,0.002631330266546835,0.00030156929826537,0.004159777529621337,0.002516341944334311,4.873672815720301e-05,0.0,0.001168084266411854,0.0,0.0,0.004713555031586733,0.00453652479788177,0.000255529535653855,0.046189500193078874,0.04036767138925827,0.0,0.012777786719166984,8.81446989576e-06,0.000398759941910019,0.0,9.119474971428601e-05,3.4782616956521997e-05,0.00017807184287334598,0.0,3.2766224591052e-05,3.3270314291115e-05,6.253918424181e-05,0.0,0.0,0.0,0.0,0.0,0.0,0.0,0.0,0.0,0.0,0.0,0.0,0.0,0.0,0.0,0.0,0.0,0.0,0.0,0.0,0.0,0.0,0.0,0.0,0.0,0.0,0.0,0.0,0.0,0.0,0.0,0.0,0.0,0.0,0.0,0.0,0.0,0.0,0.0,0.0,0.0,0.0,0.0,0.0,0.0,0.0,0.0,0.0,0.0,0.0,0.0,0.0,0.0,0.0,0.0,0.0,0.0,0.0,0.0,0.0,0.0,0.0,0.0,0.0,0.0,0.0,0.0,0.0,0.0,0.0,0.0,0.0,0.0,0.0,0.0,0.0,0.0,0.0,0.0,0.0,0.0,0.0,0.0,0.0,0.0,0.0,0.0,0.0,0.0,0.0,0.0,0.0,0.0,0.0,0.0,0.0,0.0,0.0,0.0,0.0,0.0,0.0
0.0036723429550734278,0.5755531715747408,8.52023010617071,0.0,5.26141433682e-05,0.0008814668192043161,0.43306621102422044,0.1490922197001234,0.017772648476168038,0.02131457385376175,0.00019208339991289,0.0,0.000321956068834824,3.0448008843177998e-05,0.0005637230943156,0.12031717248285212,0.026654192782275713,0.013764762159323199,0.03518777355802998,0.002375039691964982,0.007815576175073155,0.00032683929032810996,0.0,0.09028909081675503,0.0,2.301867637866e-05,0.04207291005033422,0.00082078086344247,1.0291612062055528,0.0,0.1316393310681116,0.0005682329298953999,0.3198745795714527,0.3476253480888835,2.754390543600857,1.3548598745307243,2.9947800642452e-05,1.2004655517462648,1.3895645589847574,0.04961999604066152,0.0,0.008170412979947786,0.0,8.878636736862e-05,4.400427497245456,2.6951050603340536,0.046189500193078874,29.572568594367183,22.94968091686882,6.897563082771901e-05,1.5082419793734088,2.8586552684395998e-05,0.0635960793979997,3.7268352537982005e-05,0.05468568071943325,0.00036337707382127897,0.015615781081534413,0.0,0.018231226571504597,0.0,0.03483608779660598,0.01011273318734391,0.0,0.0,0.0,0.0,0.0,0.0,0.0,0.0,0.0,0.0,0.0,0.0,0.0,0.0,0.0,0.0,0.0,0.0,0.0,0.0,0.0,0.0,0.0,0.0,0.0,0.0,0.0,0.0,0.0,0.0,0.0,0.0,0.0,0.0,0.0,0.0,0.0,0.0,0.0,0.0,0.0,0.0,0.0,0.0,0.0,0.0,0.0,0.0,0.0,0.0,0.0,0.0,0.0,0.0,0.0,0.0,0.0,0.0,0.0,0.0,0.0,0.0,0.0,0.0,0.0,0.0,0.0,0.0,0.0,0.0,0.0,0.0,0.0,0.0,0.0,0.0,0.0,0.0,0.0,0.0,0.0,0.0,0.0,0.0,0.0,0.0,0.0,0.0,0.0,0.0,0.0,0.0,0.0,0.0,0.0,0.0,0.0,0.0,0.0,0.0,0.0
0.00068775271136756,0.4240729483363898,6.976138154540135,0.0,0.0,0.000697149131223226,0.38012244179926236,0.13032282594354241,0.0156618182982413,0.02054024635915486,0.0006479767108425119,0.0,0.001052029513494434,5.8227730982519994e-05,0.000495227061378072,0.08167373767558625,0.012419367479126298,0.01216032956375011,0.012419428708536757,0.00137650366699972,0.006708394528721524,0.00016671770326262,0.0,0.0767293097198967,0.0,0.0,0.028699647814683413,0.0,0.8897109845252885,0.000217383556969202,0.11412461590928466,0.0007546313744001259,0.21833974033648273,0.02449257039123284,2.4305075609993905,1.0136616850308926,0.001272691729601374,1.0583849946570159,1.1550092596102226,0.02649844406529837,0.0,0.0028805242647322402,0.0,7.186963768476e-05,3.6112287634372437,2.225272792313382,0.04036767138925827,22.94968091686882,20.345686623800717,4.204379820024301e-05,0.5354445647849414,0.0,0.08568719908703368,0.000356353619201428,0.04593094962012504,0.00019900926195545997,0.005426158924637396,0.0,0.016094558668423718,0.0,0.030841622181681003,0.0,0.0,0.0,0.0,0.0,0.0,0.0,0.0,0.0,0.0,0.0,0.0,0.0,0.0,0.0,0.0,0.0,0.0,0.0,0.0,0.0,0.0,0.0,0.0,0.0,0.0,0.0,0.0,0.0,0.0,0.0,0.0,0.0,0.0,0.0,0.0,0.0,0.0,0.0,0.0,0.0,0.0,0.0,0.0,0.0,0.0,0.0,0.0,0.0,0.0,0.0,0.0,0.0,0.0,0.0,0.0,0.0,0.0,0.0,0.0,0.0,0.0,0.0,0.0,0.0,0.0,0.0,0.0,0.0,0.0,0.0,0.0,0.0,0.0,0.0,0.0,0.0,0.0,0.0,0.0,0.0,0.0,0.0,0.0,0.0,0.0,0.0,0.0,0.0,0.0,0.0,0.0,0.0,0.0,0.0,0.0,0.0,0.0,0.0,0.0,0.0,0.0
0.0,0.0,1.8470940393843e-05,0.0,0.0,0.0,0.0,0.0,0.0,0.0,0.0,0.0,0.0,0.0,0.0,2.822939700063e-06,2.460558052344e-06,0.0,0.0,0.0,4.3208399136000004e-08,0.0,0.0,0.0,0.0,0.0,0.0,0.0,2.3030003099649004e-05,0.0,5.530650045900001e-08,0.0,2.2785104721876003e-05,0.0,0.0,1.6476750299037e-05,0.0,0.0,6.913321799622001e-06,0.0,0.0,0.0,0.0,0.0,2.2435649400066e-05,3.9362725799082e-05,0.0,6.897563082771901e-05,4.204379820024301e-05,8.888567076900001e-08,0.00012279787799622,0.0,3.9559563001770004e-06,0.0,0.0,0.0,4.24226590725e-07,0.0,0.0,0.0,0.0,0.0,0.0,0.0,0.0,0.0,0.0,0.0,0.0,0.0,0.0,0.0,0.0,0.0,0.0,0.0,0.0,0.0,0.0,0.0,0.0,0.0,0.0,0.0,0.0,0.0,0.0,0.0,0.0,0.0,0.0,0.0,0.0,0.0,0.0,0.0,0.0,0.0,0.0,0.0,0.0,0.0,0.0,0.0,0.0,0.0,0.0,0.0,0.0,0.0,0.0,0.0,0.0,0.0,0.0,0.0,0.0,0.0,0.0,0.0,0.0,0.0,0.0,0.0,0.0,0.0,0.0,0.0,0.0,0.0,0.0,0.0,0.0,0.0,0.0,0.0,0.0,0.0,0.0,0.0,0.0,0.0,0.0,0.0,0.0,0.0,0.0,0.0,0.0,0.0,0.0,0.0,0.0,0.0,0.0,0.0,0.0,0.0,0.0,0.0,0.0,0.0,0.0
0.4109175991131715,1.7855455693782516,6.114869177815318,0.0,0.007836313767472096,0.044384729924701126,0.062333191434907696,0.03320967946538192,9.2674713731888e-05,0.011564671521255919,0.000239430272989014,0.0,0.018811034923435357,6.316755880821799e-05,0.05968359501900233,2.2973213219159576,0.7358709689677526,0.0,1.0141163941568594,0.000704949994245607,0.0006784817747915499,0.000331639571894562,0.0,0.7684419293889658,0.00010744798879017,0.0022225804503158224,0.0365433818735078,0.07935228643746801,0.7854672100182678,0.0,0.0858424145505341,0.06637831796122834,1.193678915904314,2.386792596098958,0.16072321824286448,0.99844514408469,0.0383281053576614,0.2940964671303244,3.6698188196024337,1.6241154361362549,0.0,0.1997252355053402,0.0,0.00096703189911153,8.161757397656718,8.775954617573314,0.012777786719166984,1.5082419793734088,0.5354445647849414,0.00012279787799622,25.65074133015722,0.00100401705769952,1.2311544888932622,0.00110176826600714,0.004281352827893131,0.029215894665437385,0.26037351346140314,0.00021489597758034,3.41104726318e-05,0.00378967350939298,0.00013319330097358499,0.976440291861778,0.0,0.0,0.0,0.0,0.0,0.0,0.0,0.0,0.0,0.0,0.0,0.0,0.0,0.0,0.0,0.0,0.0,0.0,0.0,0.0,0.0,0.0,0.0,0.0,0.0,0.0,0.0,0.0,0.0,0.0,0.0,0.0,0.0,0.0,0.0,0.0,0.0,0.0,0.0,0.0,0.0,0.0,0.0,0.0,0.0,0.0,0.0,0.0,0.0,0.0,0.0,0.0,0.0,0.0,0.0,0.0,0.0,0.0,0.0,0.0,0.0,0.0,0.0,0.0,0.0,0.0,0.0,0.0,0.0,0.0,0.0,0.0,0.0,0.0,0.0,0.0,0.0,0.0,0.0,0.0,0.0,0.0,0.0,0.0,0.0,0.0,0.0,0.0,0.0,0.0,0.0,0.0,0.0,0.0,0.0,0.0,0.0,0.0,0.0,0.0,0.0
0.00017824816252695998,0.0,0.00123330666513376,0.0,1.95877136952e-06,0.0,3.892774872864e-05,1.915563347196e-06,0.0,0.0,0.0,0.0,2.4861325996799997e-06,0.0,3.67269557872e-06,0.00014588180258464,0.0,0.0,1.28395074784e-06,0.0,0.0,0.0,0.0,1.860832505392e-05,0.0,0.0,0.0,0.0,0.0,0.0,1.0446778948e-06,6.61085221064e-06,0.0,7.769791747543999e-05,0.0,2.3342021052e-05,2.44127374408e-05,0.00016285004631759998,0.0,0.0,0.0,9.031513942e-05,0.0,0.0,2.4038153114559998e-05,0.0,8.81446989576e-06,2.8586552684395998e-05,0.0,0.0,0.00100401705769952,1.386519840593e-06,3.228054652696e-05,0.0,1.030595916264e-06,2.8157338964799997e-06,1.377260884256e-05,0.0,0.0,2.6933094716e-06,0.0,0.0,0.0,0.0,0.0,0.0,0.0,0.0,0.0,0.0,0.0,0.0,0.0,0.0,0.0,0.0,0.0,0.0,0.0,0.0,0.0,0.0,0.0,0.0,0.0,0.0,0.0,0.0,0.0,0.0,0.0,0.0,0.0,0.0,0.0,0.0,0.0,0.0,0.0,0.0,0.0,0.0,0.0,0.0,0.0,0.0,0.0,0.0,0.0,0.0,0.0,0.0,0.0,0.0,0.0,0.0,0.0,0.0,0.0,0.0,0.0,0.0,0.0,0.0,0.0,0.0,0.0,0.0,0.0,0.0,0.0,0.0,0.0,0.0,0.0,0.0,0.0,0.0,0.0,0.0,0.0,0.0,0.0,0.0,0.0,0.0,0.0,0.0,0.0,0.0,0.0,0.0,0.0,0.0,0.0,0.0,0.0,0.0,0.0,0.0,0.0,0.0,0.0
0.014440974051873176,0.06466665477841968,0.517922655222918,0.0,0.000329816434600953,0.0028212888287343137,0.0019451847542973392,0.0015641575997126808,2.4574287647921e-05,2.9010310505875997e-05,0.0,0.0,0.00217211875097437,3.6858115290033995e-05,0.0027504695046179383,0.10331925762472499,0.03583598542232419,0.0,0.04695004287011628,2.3076387699503e-05,1.1840084330456999e-05,2.7807086169012003e-05,0.0,0.03598199857939405,6.108453255495e-06,0.00010552630486984201,0.001336259379638752,0.003762769422626739,0.049287616127049086,0.0,0.004148393375080551,0.0042342134391429335,0.05624160530409757,0.10790251913834784,0.006753688504575335,0.04438021704253378,0.003347720746428708,0.031567236155426476,0.17307197636634142,0.07653273782085218,0.0,0.007930825402262393,0.0,5.4976079299455e-05,0.8663277552405474,0.4061437411770718,0.000398759941910019,0.0635960793979997,0.08568719908703368,3.9559563001770004e-06,1.2311544888932622,3.228054652696e-05,0.15748140855797332,0.000628125843896036,0.000356783453008214,0.0014421414711779908,0.011480032166343074,1.221690651099e-05,0.0,0.00012184328055366501,7.7717963710605e-05,0.04636058771756127,0.0,0.0,0.0,0.0,0.0,0.0,0.0,0.0,0.0,0.0,0.0,0.0,0.0,0.0,0.0,0.0,0.0,0.0,0.0,0.0,0.0,0.0,0.0,0.0,0.0,0.0,0.0,0.0,0.0,0.0,0.0,0.0,0.0,0.0,0.0,0.0,0.0,0.0,0.0,0.0,0.0,0.0,0.0,0.0,0.0,0.0,0.0,0.0,0.0,0.0,0.0,0.0,0.0,0.0,0.0,0.0,0.0,0.0,0.0,0.0,0.0,0.0,0.0,0.0,0.0,0.0,0.0,0.0,0.0,0.0,0.0,0.0,0.0,0.0,0.0,0.0,0.0,0.0,0.0,0.0,0.0,0.0,0.0,0.0,0.0,0.0,0.0,0.0,0.0,0.0,0.0,0.0,0.0,0.0,0.0,0.0,0.0,0.0,0.0,0.0,0.0
0.0,0.0,0.0015174359347278781,0.0,0.0,4.798991379962e-06,0.0,0.0,0.0,0.0,0.0,0.0,7.541271042218001e-06,0.0,0.0,0.0,0.0,0.0,2.4566261220752e-05,3.42784957782e-06,2.8565511699200004e-07,4.57046610376e-07,0.0,2.6878700178874e-05,0.0,0.0,0.0,0.0,8.900984905188e-05,0.0,0.0,8.226840957782e-06,0.0,2.3794995558496e-05,0.0,3.267884052594e-05,1.3874631777718e-05,0.000146397780328082,0.0,0.0,0.0,0.0,0.0,0.0,0.003450492959173646,0.0,0.0,3.7268352537982005e-05,0.000356353619201428,0.0,0.00110176826600714,0.0,0.000628125843896036,7.769792376392e-06,0.0,0.0,1.71392478891e-06,0.0,0.0,0.0,0.0,0.0,0.0,0.0,0.0,0.0,0.0,0.0,0.0,0.0,0.0,0.0,0.0,0.0,0.0,0.0,0.0,0.0,0.0,0.0,0.0,0.0,0.0,0.0,0.0,0.0,0.0,0.0,0.0,0.0,0.0,0.0,0.0,0.0,0.0,0.0,0.0,0.0,0.0,0.0,0.0,0.0,0.0,0.0,0.0,0.0,0.0,0.0,0.0,0.0,0.0,0.0,0.0,0.0,0.0,0.0,0.0,0.0,0.0,0.0,0.0,0.0,0.0,0.0,0.0,0.0,0.0,0.0,0.0,0.0,0.0,0.0,0.0,0.0,0.0,0.0,0.0,0.0,0.0,0.0,0.0,0.0,0.0,0.0,0.0,0.0,0.0,0.0,0.0,0.0,0.0,0.0,0.0,0.0,0.0,0.0,0.0,0.0,0.0,0.0,0.0,0.0,0.0
0.0,0.0008508593878816802,0.01754506315435312,0.0,0.0,4.2436328578200006e-07,0.000863604211956255,0.000298577940922482,3.5758932313463e-05,3.7153412286932e-05,0.0,0.0,0.0,0.0,0.0,0.000156669475279751,7.092525903683701e-05,2.7927295750551e-05,6.1371983474164e-05,2.2733741290140004e-06,1.4993444278272e-05,1.100760703406e-06,0.0,0.00018899814959791298,0.0,0.0,5.9369324544942e-05,0.0,0.0021491988269046183,0.0,0.000260216013208799,0.0,0.000759043477325188,0.000321867594646366,0.005517092934177631,0.002466822099670998,0.0,0.0022323630514217005,0.002637280177989322,5.857123370263601e-05,0.0,4.843137375545e-05,0.0,0.0,0.006498310657109246,0.004942560579499823,9.119474971428601e-05,0.05468568071943325,0.04593094962012504,0.0,0.004281352827893131,1.030595916264e-06,0.000356783453008214,0.0,0.00012056881948659603,0.0,7.480521689379e-06,0.0,3.6991025649331995e-05,0.0,6.973502788326e-05,0.0,0.0,0.0,0.0,0.0,0.0,0.0,0.0,0.0,0.0,0.0,0.0,0.0,0.0,0.0,0.0,0.0,0.0,0.0,0.0,0.0,0.0,0.0,0.0,0.0,0.0,0.0,0.0,0.0,0.0,0.0,0.0,0.0,0.0,0.0,0.0,0.0,0.0,0.0,0.0,0.0,0.0,0.0,0.0,0.0,0.0,0.0,0.0,0.0,0.0,0.0,0.0,0.0,0.0,0.0,0.0,0.0,0.0,0.0,0.0,0.0,0.0,0.0,0.0,0.0,0.0,0.0,0.0,0.0,0.0,0.0,0.0,0.0,0.0,0.0,0.0,0.0,0.0,0.0,0.0,0.0,0.0,0.0,0.0,0.0,0.0,0.0,0.0,0.0,0.0,0.0,0.0,0.0,0.0,0.0,0.0,0.0,0.0,0.0,0.0,0.0,0.0
0.00087563852405107,0.005686971533665558,0.008296278283870629,0.0,1.4354729020013999e-05,5.594247136855199e-05,0.000153612070722408,4.1959973526569996e-05,0.0,0.0,0.0,0.0,8.146566979946399e-05,8.862581550878e-06,8.547767406684399e-05,0.003352830035557404,0.00093724095238044,0.0,0.0012514434595226318,0.0,1.063511327131e-06,0.0,0.0,0.000991805873236705,0.0,2.8985487163560003e-06,3.7292791738027e-05,0.000103354045167702,0.0033145077580775746,0.0,0.000118625303413932,9.7639765461698e-05,0.00129097906454895,0.0030545206991249105,0.00018550725498964798,0.001140578862273936,9.633465260026e-05,0.0006426195618572199,0.004957264583267076,0.002092820527498164,0.0,0.000429044348244172,0.0,0.0,0.011132762931315677,0.010785062156395938,3.4782616956521997e-05,0.00036337707382127897,0.00019900926195545997,0.0,0.029215894665437385,2.8157338964799997e-06,0.0014421414711779908,0.0,0.0,7.4054486462921e-05,0.00035132316305389397,0.0,0.0,1.062801879227e-05,1.8687385015035e-05,0.001273411612242006,0.0,0.0,0.0,0.0,0.0,0.0,0.0,0.0,0.0,0.0,0.0,0.0,0.0,0.0,0.0,0.0,0.0,0.0,0.0,0.0,0.0,0.0,0.0,0.0,0.0,0.0,0.0,0.0,0.0,0.0,0.0,0.0,0.0,0.0,0.0,0.0,0.0,0.0,0.0,0.0,0.0,0.0,0.0,0.0,0.0,0.0,0.0,0.0,0.0,0.0,0.0,0.0,0.0,0.0,0.0,0.0,0.0,0.0,0.0,0.0,0.0,0.0,0.0,0.0,0.0,0.0,0.0,0.0,0.0,0.0,0.0,0.0,0.0,0.0,0.0,0.0,0.0,0.0,0.0,0.0,0.0,0.0,0.0,0.0,0.0,0.0,0.0,0.0,0.0,0.0,0.0,0.0,0.0,0.0,0.0,0.0,0.0,0.0,0.0,0.0,0.0
0.005183688444912249,0.015911042757008,0.06817516053530845,0.0,9.6120975462508e-05,0.00049843466433783,0.000863983267355493,0.000402625412843864,0.0,8.365651724456001e-05,9.27537514976e-07,0.0,0.00021666870958399502,2.80053147378e-06,0.000695679163726168,0.0266450878896789,0.008893231076181903,0.0,0.011442164811891985,2.1034544027267e-05,8.074259018444e-06,1.682762941628e-06,0.0,0.008931299941035534,0.0,2.5512268294392005e-05,0.0007005181362578841,0.0009096952950109641,0.008435121614971812,0.0,0.001181529878140543,0.000761017812058601,0.014407183259001423,0.026823277045226707,0.0017330006245469438,0.011382305625970163,0.000477823999265633,0.011207821461013633,0.042185563761423114,0.018485448729608365,0.0,0.0024632748785991592,0.0,1.3532218356075e-05,0.10980269825940178,0.09799233310050416,0.00017807184287334598,0.015615781081534413,0.005426158924637396,4.24226590725e-07,0.26037351346140314,1.377260884256e-05,0.011480032166343074,1.71392478891e-06,7.480521689379e-06,0.00035132316305389397,0.0032293913260550864,0.0,0.0,5.198486468494e-05,5.90512026285e-06,0.011208236217452693,0.0,0.0,0.0,0.0,0.0,0.0,0.0,0.0,0.0,0.0,0.0,0.0,0.0,0.0,0.0,0.0,0.0,0.0,0.0,0.0,0.0,0.0,0.0,0.0,0.0,0.0,0.0,0.0,0.0,0.0,0.0,0.0,0.0,0.0,0.0,0.0,0.0,0.0,0.0,0.0,0.0,0.0,0.0,0.0,0.0,0.0,0.0,0.0,0.0,0.0,0.0,0.0,0.0,0.0,0.0,0.0,0.0,0.0,0.0,0.0,0.0,0.0,0.0,0.0,0.0,0.0,0.0,0.0,0.0,0.0,0.0,0.0,0.0,0.0,0.0,0.0,0.0,0.0,0.0,0.0,0.0,0.0,0.0,0.0,0.0,0.0,0.0,0.0,0.0,0.0,0.0,0.0,0.0,0.0,0.0,0.0,0.0,0.0,0.0,0.0,0.0
2.6212974316320002e-05,0.00035684147078961,0.00044452834973744996,0.0,0.0,1.08574407639e-06,0.0,0.0,4.1513728752e-07,0.0,0.0,0.0,0.0,0.0,0.0,5.141775584121e-05,0.0,0.0,0.0,0.0,0.0,0.0,0.0,4.788908367990001e-06,1.51228657845e-06,0.0,0.0,0.0,9.713923310649e-05,0.0,0.0,0.0,0.0,5.453398636649999e-06,0.0,0.0,0.0,0.0,0.0,7.361629637853e-05,0.0,0.0,0.0,1.361057920605e-05,0.00072648665142177,0.00146953964478891,0.0,0.0,0.0,0.0,0.00021489597758034,0.0,1.221690651099e-05,0.0,0.0,0.0,0.0,3.3606368409999998e-06,0.0,0.0,0.0,0.0,0.0,0.0,0.0,0.0,0.0,0.0,0.0,0.0,0.0,0.0,0.0,0.0,0.0,0.0,0.0,0.0,0.0,0.0,0.0,0.0,0.0,0.0,0.0,0.0,0.0,0.0,0.0,0.0,0.0,0.0,0.0,0.0,0.0,0.0,0.0,0.0,0.0,0.0,0.0,0.0,0.0,0.0,0.0,0.0,0.0,0.0,0.0,0.0,0.0,0.0,0.0,0.0,0.0,0.0,0.0,0.0,0.0,0.0,0.0,0.0,0.0,0.0,0.0,0.0,0.0,0.0,0.0,0.0,0.0,0.0,0.0,0.0,0.0,0.0,0.0,0.0,0.0,0.0,0.0,0.0,0.0,0.0,0.0,0.0,0.0,0.0,0.0,0.0,0.0,0.0,0.0,0.0,0.0,0.0,0.0,0.0,0.0,0.0,0.0,0.0,0.0
0.0,0.0002759083930113,0.005039370254431048,0.0,0.0,0.0,0.000306492625093112,0.000104519850612616,1.277452755476e-05,1.2322339199608e-05,0.0,0.0,0.0,0.0,0.0,1.7853389304767998e-05,3.1325964011159997e-06,9.918545990571999e-06,0.0,0.0,5.2509994118879996e-06,0.0,0.0,1.5963030820836002e-05,0.0,0.0,1.7503324126584e-05,0.0,0.000678949152218556,0.0,9.033227249148e-05,0.0,0.000168673573030876,0.0,0.00198228852798366,0.0007503204775582999,0.0,0.0007833326115421,0.00088548849388035,1.9525928972516e-05,0.0,0.0,0.0,0.0,0.001769476001094028,0.0017221170100214238,3.2766224591052e-05,0.018231226571504597,0.016094558668423718,0.0,3.41104726318e-05,0.0,0.0,0.0,3.6991025649331995e-05,0.0,0.0,0.0,1.3463554967444e-05,0.0,2.505575806332e-05,0.0,0.0,0.0,0.0,0.0,0.0,0.0,0.0,0.0,0.0,0.0,0.0,0.0,0.0,0.0,0.0,0.0,0.0,0.0,0.0,0.0,0.0,0.0,0.0,0.0,0.0,0.0,0.0,0.0,0.0,0.0,0.0,0.0,0.0,0.0,0.0,0.0,0.0,0.0,0.0,0.0,0.0,0.0,0.0,0.0,0.0,0.0,0.0,0.0,0.0,0.0,0.0,0.0,0.0,0.0,0.0,0.0,0.0,0.0,0.0,0.0,0.0,0.0,0.0,0.0,0.0,0.0,0.0,0.0,0.0,0.0,0.0,0.0,0.0,0.0,0.0,0.0,0.0,0.0,0.0,0.0,0.0,0.0,0.0,0.0,0.0,0.0,0.0,0.0,0.0,0.0,0.0,0.0,0.0,0.0,0.0,0.0,0.0,0.0,0.0,0.0,0.0
0.000672799664553665,0.0,0.00465512967331874,0.0,7.393404238605e-06,0.0,0.00014693321891886,0.0,0.0,0.0,0.0,0.0,9.38393504532e-06,0.0,1.386263015753e-05,0.00055063248031286,0.0,0.0,4.84628632466e-06,0.0,0.0,0.0,0.0,7.023732910733e-05,0.0,0.0,0.0,0.0,0.0,0.0,3.943148289575e-06,2.4952734921235004e-05,0.0,0.000293271650450185,0.0,8.810471710425e-05,9.214614797795001e-05,0.00061467930430115,0.0,0.0,0.0,0.00034089549448625004,0.0,0.0,9.073227528794e-05,0.0,3.3270314291115e-05,0.0,0.0,0.0,0.00378967350939298,2.6933094716e-06,0.00012184328055366501,0.0,0.0,1.062801879227e-05,5.198486468494e-05,0.0,0.0,1.0165926444025001e-05,0.0,0.0,0.0,0.0,0.0,0.0,0.0,0.0,0.0,0.0,0.0,0.0,0.0,0.0,0.0,0.0,0.0,0.0,0.0,0.0,0.0,0.0,0.0,0.0,0.0,0.0,0.0,0.0,0.0,0.0,0.0,0.0,0.0,0.0,0.0,0.0,0.0,0.0,0.0,0.0,0.0,0.0,0.0,0.0,0.0,0.0,0.0,0.0,0.0,0.0,0.0,0.0,0.0,0.0,0.0,0.0,0.0,0.0,0.0,0.0,0.0,0.0,0.0,0.0,0.0,0.0,0.0,0.0,0.0,0.0,0.0,0.0,0.0,0.0,0.0,0.0,0.0,0.0,0.0,0.0,0.0,0.0,0.0,0.0,0.0,0.0,0.0,0.0,0.0,0.0,0.0,0.0,0.0,0.0,0.0,0.0,0.0,0.0,0.0,0.0,0.0,0.0,0.0
0.0,0.00332867204306736,0.009618383220464941,0.0,0.0,0.0,0.0005849864910798601,0.00019949158854798,2.4382074600300002e-05,2.3519006266740002e-05,0.0,0.0,3.383142623676e-05,5.46770545617e-06,0.0,0.0001675425184068,8.20870316313e-06,1.893101151741e-05,0.0,0.0,1.0678434363105002e-05,0.0,0.0,5.5400540173605e-05,0.0,0.0,3.4391868738495004e-05,0.0,0.002826015232320165,0.0,0.00017781146608449,0.0,0.00025632043098963,3.165359460465e-06,0.00378349074448605,0.00143209756913025,0.0,0.0014951061078067502,0.001896197033662005,3.7268122426230005e-05,0.0,0.0,0.0,0.0,0.005512697012283286,0.0032869149351157203,6.253918424181e-05,0.03483608779660598,0.030841622181681003,0.0,0.00013319330097358499,0.0,7.7717963710605e-05,0.0,6.973502788326e-05,1.8687385015035e-05,5.90512026285e-06,0.0,2.505575806332e-05,0.0,5.9351665600125005e-05,0.0,0.0,0.0,0.0,0.0,0.0,0.0,0.0,0.0,0.0,0.0,0.0,0.0,0.0,0.0,0.0,0.0,0.0,0.0,0.0,0.0,0.0,0.0,0.0,0.0,0.0,0.0,0.0,0.0,0.0,0.0,0.0,0.0,0.0,0.0,0.0,0.0,0.0,0.0,0.0,0.0,0.0,0.0,0.0,0.0,0.0,0.0,0.0,0.0,0.0,0.0,0.0,0.0,0.0,0.0,0.0,0.0,0.0,0.0,0.0,0.0,0.0,0.0,0.0,0.0,0.0,0.0,0.0,0.0,0.0,0.0,0.0,0.0,0.0,0.0,0.0,0.0,0.0,0.0,0.0,0.0,0.0,0.0,0.0,0.0,0.0,0.0,0.0,0.0,0.0,0.0,0.0,0.0,0.0,0.0,0.0,0.0,0.0,0.0,0.0,0.0,0.0
0.006717707403059488,0.04465779513379753,0.13374635353618522,0.0,0.00025837329308782,0.002181657181992572,0.0,0.001636364560967895,0.0,0.0,0.0,0.0,0.000655870872774024,0.0,0.00276828591978956,0.09986794357853458,0.036357661954121066,0.0,0.048606488353002825,0.0,0.0,0.0,0.0,0.03423898200880415,0.0,0.00011303826001416601,0.001392140270937407,0.004030624486405098,0.032536587875513966,0.0,0.004124130873569676,0.00279043245673654,0.05034589425662283,0.10696385513474316,0.007234453989235128,0.040888445185846646,0.0,0.0,0.18005252981086403,0.08161628942629306,0.0,0.002833355467145392,0.0,0.0,0.2954763330892408,0.4205982992193025,0.0,0.01011273318734391,0.0,0.0,0.976440291861778,0.0,0.04636058771756127,0.0,0.0,0.001273411612242006,0.011208236217452693,0.0,0.0,0.0,0.0,0.04966079476857444,0.0,0.0,0.0,0.0,0.0,0.0,0.0,0.0,0.0,0.0,0.0,0.0,0.0,0.0,0.0,0.0,0.0,0.0,0.0,0.0,0.0,0.0,0.0,0.0,0.0,0.0,0.0,0.0,0.0,0.0,0.0,0.0,0.0,0.0,0.0,0.0,0.0,0.0,0.0,0.0,0.0,0.0,0.0,0.0,0.0,0.0,0.0,0.0,0.0,0.0,0.0,0.0,0.0,0.0,0.0,0.0,0.0,0.0,0.0,0.0,0.0,0.0,0.0,0.0,0.0,0.0,0.0,0.0,0.0,0.0,0.0,0.0,0.0,0.0,0.0,0.0,0.0,0.0,0.0,0.0,0.0,0.0,0.0,0.0,0.0,0.0,0.0,0.0,0.0,0.0,0.0,0.0,0.0,0.0,0.0,0.0,0.0,0.0,0.0,0.0,0.0
0.0,0.0,0.0,0.0,0.0,0.0,0.0,0.0,0.0,0.0,0.0,0.0,0.0,0.0,0.0,0.0,0.0,0.0,0.0,0.0,0.0,0.0,0.0,0.0,0.0,0.0,0.0,0.0,0.0,0.0,0.0,0.0,0.0,0.0,0.0,0.0,0.0,0.0,0.0,0.0,0.0,0.0,0.0,0.0,0.0,0.0,0.0,0.0,0.0,0.0,0.0,0.0,0.0,0.0,0.0,0.0,0.0,0.0,0.0,0.0,0.0,0.0,0.0,0.0,0.0,0.0,0.0,0.0,0.0,0.0,0.0,0.0,0.0,0.0,0.0,0.0,0.0,0.0,0.0,0.0,0.0,0.0,0.0,0.0,0.0,0.0,0.0,0.0,0.0,0.0,0.0,0.0,0.0,0.0,0.0,0.0,0.0,0.0,0.0,0.0,0.0,0.0,0.0,0.0,0.0,0.0,0.0,0.0,0.0,0.0,0.0,0.0,0.0,0.0,0.0,0.0,0.0,0.0,0.0,0.0,0.0,0.0,0.0,0.0,0.0,0.0,0.0,0.0,0.0,0.0,0.0,0.0,0.0,0.0,0.0,0.0,0.0,0.0,0.0,0.0,0.0,0.0,0.0,0.0,0.0,0.0,0.0,0.0,0.0,0.0,0.0,0.0,0.0,0.0,0.0,0.0,0.0,0.0,0.0,0.0,0.0,0.0,0.0
0.0,0.0,0.0,0.0,0.0,0.0,0.0,0.0,0.0,0.0,0.0,0.0,0.0,0.0,0.0,0.0,0.0,0.0,0.0,0.0,0.0,0.0,0.0,0.0,0.0,0.0,0.0,0.0,0.0,0.0,0.0,0.0,0.0,0.0,0.0,0.0,0.0,0.0,0.0,0.0,0.0,0.0,0.0,0.0,0.0,0.0,0.0,0.0,0.0,0.0,0.0,0.0,0.0,0.0,0.0,0.0,0.0,0.0,0.0,0.0,0.0,0.0,0.0,0.00012217190385959998,0.0,0.00025656099810515996,0.0022889779065614997,0.0,0.0,0.0,0.0,0.0,0.0,0.0,0.0,0.0020280536261756397,0.0,0.0,0.00061085953035114,0.0,0.0,0.0,0.0,0.0,0.0,0.0,0.0,0.0,0.00024434380771919996,0.0001832578557894,0.0001832578557894,0.0,0.0,0.0,0.0010262440034737798,0.0,0.0,0.0,0.0,0.0,0.0,0.0,0.0,0.0,0.0,0.0001832578557894,0.0,0.00021990942694727998,0.0,0.0,0.0,0.0,0.0003665157115788,0.0,0.0,0.0,0.0,0.0,0.0,0.0,0.0,0.0,0.0,0.00035429852119284,0.0,0.0,0.0,0.0,0.00097388461610538,0.0,0.0,0.0,0.0,0.0,0.0,0.0,0.00015882347501748,0.0,0.0,0.0,0.0,0.0012807003621383998,0.0,0.0,0.0,0.0,0.0,0.0,0.0,0.0,0.0,0.0,0.0013146905361408,0.0,0.0,0.0,6.108595192979999e-05,0.0,0.000305429759649,0.0,0.0,0.0,0.0
0.0,0.0,0.0,0.0,0.0,0.0,0.0,0.0,0.0,0.0,0.0,0.0,0.0,0.0,0.0,0.0,0.0,0.0,0.0,0.0,0.0,0.0,0.0,0.0,0.0,0.0,0.0,0.0,0.0,0.0,0.0,0.0,0.0,0.0,0.0,0.0,0.0,0.0,0.0,0.0,0.0,0.0,0.0,0.0,0.0,0.0,0.0,0.0,0.0,0.0,0.0,0.0,0.0,0.0,0.0,0.0,0.0,0.0,0.0,0.0,0.0,0.0,0.0,0.0,0.010122622945231962,0.037194748093721475,0.011263914920150735,0.0,0.07761494265581917,0.0,0.0,0.006866724806384588,0.00010791383337580801,0.003769966178419893,0.0024765247727590017,0.4516970101492334,0.0,0.0,0.0423983489105872,0.0,0.0,0.0,0.003769966178419893,0.0,0.0,0.0095075245192992,0.0,0.0,0.021732394753448514,0.0038707752988506442,0.00452634924080562,0.00013489229171976,3.277423589202e-06,0.0,0.015659024451504005,6.744614585988e-05,0.0011271393229700531,0.0,0.002093789123686418,0.0,0.0,0.00046220999533024,0.0,0.0,0.0,0.00565494931568298,0.002996511027228842,0.002627940573698103,0.0,0.0,0.0,0.01602665314003205,0.011674755235281015,0.0,0.009721254222787327,0.0,0.00330763622009967,0.006249315255616362,0.00023585950216752397,0.00053068387219807,0.01130989863136596,0.0,0.002261979726273192,0.09353419297213061,0.022840033933280386,0.004708861019189594,0.0,0.0,0.0590260179295888,0.0024765247727590017,0.00037176549237576595,0.005089454384114682,0.1737146452084488,0.0,0.001206555475353247,0.005183703507340638,0.002261979726273192,0.0,0.0,0.0,0.008105427384514367,0.0008781989833488,0.0,0.0,0.00565494931568298,0.0,0.000115621961984777,8.0935375031856e-05,0.00042454709775845595,3.2374143442694e-05,0.002261979726273192,0.0,0.04718272231396165,0.007076343515480215,0.006898890430721218,0.0029718297150246277,0.018315988476074407,0.008953669781866812,0.11750551410322692,8.0935375031856e-05,0.00029713499421992,0.01986257777609726,0.0
0.0,0.0,0.0,0.0,0.0,0.0,0.0,0.0,0.0,0.0,0.0,0.0,0.0,0.0,0.0,0.0,0.0,0.0,0.0,0.0,0.0,0.0,0.0,0.0,0.0,0.0,0.0,0.0,0.0,0.0,0.0,0.0,0.0,0.0,0.0,0.0,0.0,0.0,0.0,0.0,0.0,0.0,0.0,0.0,0.0,0.0,0.0,0.0,0.0,0.0,0.0,0.0,0.0,0.0,0.0,0.0,0.0,0.0,0.0,0.0,0.0,0.0,0.0,0.00025656099810515996,0.037194748093721475,0.7137561449527464,0.5069877619480566,0.0,0.43137494901096507,6.915399673292e-05,0.001009944931937207,0.031491725780710536,5.2877776448832e-05,0.01392579339934715,0.021669591681013248,2.4810198277668407,0.0,0.0,0.2092901660706425,0.00044074832438011503,0.0,0.000220374174968055,0.01392579339934715,0.000313846301635044,0.0,0.0957158160722793,0.0,0.0,0.19992378075585537,0.015618913627680706,0.16554068145646608,6.609722056104e-05,4.4769821628954e-05,0.0,0.13750083677361238,3.304861028052e-05,0.006670684977150809,0.000725706484964439,0.018320654764088833,0.0,0.007308782508847427,0.0010733543330527198,0.0,0.00193061069403138,0.00011753288990883002,0.07292839142163687,0.02480772602230865,0.014331468943103541,0.00193061069403138,0.0,0.000414677694189512,0.14023321445350198,0.05820818228047967,0.0005183471177368901,0.04531233836281864,0.0006033158259310021,0.04747001161266218,0.02953517417984895,0.002063770636286976,0.00464348386445568,0.041777380553046285,0.000239237126973325,0.008355476110609257,0.3759138046709596,0.6966842458854063,0.32815402836186847,0.0,2.8219039590299995e-06,0.24018832972888082,0.021669591681013248,0.0033396378320171543,0.031009978035714987,0.9297957246939604,8.0136061301475e-05,0.011220433906347574,0.02292286221626482,0.008689005408145965,0.0,0.0,0.0,0.030582671128678903,0.027197661859602915,6.2238597059628e-05,0.004336559615288511,0.021999175215070024,6.915399673292e-05,5.6654759331132995e-05,3.9658332336624e-05,0.0037147870915645444,0.001946474023746706,0.008355476110609257,2.8219039590299995e-06,0.4773753239216178,0.07293314463044195,0.0730856558287176,0.026003509909711873,0.17133940778769788,0.03307375972282992,0.44959863130066025,3.9658332336624e-05,0.0006900134933682599,0.4842845563350663,0.002797191645543736
0.0,0.0,0.0,0.0,0.0,0.0,0.0,0.0,0.0,0.0,0.0,0.0,0.0,0.0,0.0,0.0,0.0,0.0,0.0,0.0,0.0,0.0,0.0,0.0,0.0,0.0,0.0,0.0,0.0,0.0,0.0,0.0,0.0,0.0,0.0,0.0,0.0,0.0,0.0,0.0,0.0,0.0,0.0,0.0,0.0,0.0,0.0,0.0,0.0,0.0,0.0,0.0,0.0,0.0,0.0,0.0,0.0,0.0,0.0,0.0,0.0,0.0,0.0,0.0022889779065614997,0.011263914920150735,0.5069877619480566,47.91354488402744,0.18356995935338188,2.739679879133074,2.156783022801e-05,0.00590005780416301,0.038534460493846436,3.2374148041728e-05,0.0,0.07875348754797781,2.917011781335116,0.0,0.0,2.0098722542566785,0.0,0.0,0.0,0.0,0.0051386625197797,0.0,0.3185177335060211,0.0,0.0,1.8607280141964315,0.11228047788069302,0.754565619067648,4.046768505216e-05,6.5797992668736e-05,0.0,8.755654326401896,2.023384252608e-05,0.3271009694037289,0.08619522314507426,0.06658249394235959,0.0,0.8638158255279458,0.004453906948254492,0.0,0.22817774598425092,0.0,0.09755042656213084,0.31194187894271,0.030377501670005847,0.22817774598425092,0.002198128527663516,0.05171066381614942,0.5096475683920395,2.1351615692185395,0.06463878318819627,0.05744224408103943,0.07130554373450765,2.237831456821649,0.254207627792367,0.007500332147426458,0.016875747087521816,0.0,0.02983307474359915,0.0,4.275985548544981,0.7254948756929992,0.32030665598798097,0.0,4.1376472242619993e-05,0.9603670164648699,0.07875348754797781,0.012549609314238161,1.4495063644033148,1.1850218750278372,0.0,0.6199655788670622,0.4532831259457994,0.01185632484681333,0.0,0.0,9.437440478567402e-05,0.07131767563846017,0.576002667410535,1.9411047205209005e-05,0.5182723639000074,0.11714569985538822,2.156783022801e-05,3.4686586483632e-05,2.4280611031295996e-05,0.013500597670017453,0.2281874582266924,0.0,4.1376472242619993e-05,8.397933058292743,3.21840504018315,1.6938375972347013,0.09450418466687303,0.07336806096593082,3.448144390236e-06,2.096962247611888,2.4280611031295996e-05,0.002863225868536461,0.9876234941157073,0.33059844055529364
0.0,0.0,0.0,0.0,0.0,0.0,0.0,0.0,0.0,0.0,0.0,0.0,0.0,0.0,0.0,0.0,0.0,0.0,0.0,0.0,0.0,0.0,0.0,0.0,0.0,0.0,0.0,0.0,0.0,0.0,0.0,0.0,0.0,0.0,0.0,0.0,0.0,0.0,0.0,0.0,0.0,0.0,0.0,0.0,0.0,0.0,0.0,0.0,0.0,0.0,0.0,0.0,0.0,0.0,0.0,0.0,0.0,0.0,0.0,0.0,0.0,0.0,0.0,0.0,0.0,0.0,0.18356995935338188,0.0017077599228027041,0.007471449641599304,0.0,0.0,0.0,0.0,0.0,0.0,0.0,0.0,0.0,0.005827730697305428,0.0,0.0,0.0,0.0,0.0,0.0,0.0,0.0,0.0,0.0034155198456054083,0.0,0.0,0.0,0.0,0.0,0.0,0.0,0.0,0.0,0.0,0.0,0.0,0.0,0.0,0.0,0.0,0.0,0.0,0.0,0.0,0.0,0.0,0.0,0.01882805305385219,0.0,0.0,0.0,0.0,0.0,0.0,0.0,0.0,0.0,0.0,0.008965739553389144,0.00149428991178984,0.0,0.0,0.0,0.0,0.0,0.0,0.0,0.00074714495589492,0.0,0.0026565154262875278,0.0,0.0,0.0,0.0,0.0,0.0,0.0019923865490531203,0.0,0.0,0.0,0.0,0.0,0.0,0.0,0.0,0.0,0.0,0.01962500767347344,0.010460029465178983,0.0,0.0,0.0,0.0,0.0,0.0,0.0,0.0,0.0
0.0,0.0,0.0,0.0,0.0,0.0,0.0,0.0,0.0,0.0,0.0,0.0,0.0,0.0,0.0,0.0,0.0,0.0,0.0,0.0,0.0,0.0,0.0,0.0,0.0,0.0,0.0,0.0,0.0,0.0,0.0,0.0,0.0,0.0,0.0,0.0,0.0,0.0,0.0,0.0,0.0,0.0,0.0,0.0,0.0,0.0,0.0,0.0,0.0,0.0,0.0,0.0,0.0,0.0,0.0,0.0,0.0,0.0,0.0,0.0,0.0,0.0,0.0,0.0,0.07761494265581917,0.43137494901096507,2.739679879133074,0.007471449641599304,4.040142496217639,0.0,0.0,0.1684413320043174,0.0,0.020773282951896656,0.28056418755405965,5.155779618665305,0.0,0.0,0.42647284522915563,0.0,0.0,0.0,0.020773282951896656,0.001765385443726108,0.0,1.0450127723334743,0.0,0.0,2.5715170990268987,0.03428812710871975,0.2833809748456458,0.0,0.0,0.0,0.1286259478120785,0.0,0.09200463262073151,0.04770502378484822,0.2372042673904527,0.0,0.0,0.0,0.0,0.0,0.0,0.0311599246926276,0.28056418755405965,0.09543859125077223,0.0,0.0,0.02862301442488409,1.815651095803264,0.4891571367383707,0.035778768031105114,0.2480366456070676,0.0,0.8914342341057316,0.2237210171881174,0.026720398814672346,0.06012089646307889,0.0623198493852552,0.016513277256711676,0.01246396987705104,1.2321875121149113,1.1288450325483013,0.521047775146243,9.88027637051e-07,0.0,0.6279422025114407,0.28056418755405965,0.042084628394089114,0.09583528217703767,1.7414657399098916,0.0,0.2630219228547171,0.05116038077627784,0.01246396987705104,0.0,0.0,0.0,0.048891119532182954,0.05661483554310145,0.0,0.06133557522382581,0.0311599246926276,0.0,0.0,0.0,0.04809671717046311,0.0,0.01246396987705104,0.0,3.7046917985489256,0.817506278220219,0.9042417260601996,0.33667702367297736,0.28675871237450146,0.049336547606515437,1.8297335708995142,0.0,0.0,0.9912540825656485,0.0
0.0,0.0,0.0,0.0,0.0,0.0,0.0,0.0,0.0,0.0,0.0,0.0,0.0,0.0,0.0,0.0,0.0,0.0,0.0,0.0,0.0,0.0,0.0,0.0,0.0,0.0,0.0,0.0,0.0,0.0,0.0,0.0,0.0,0.0,0.0,0.0,0.0,0.0,0.0,0.0,0.0,0.0,0.0,0.0,0.0,0.0,0.0,0.0,0.0,0.0,0.0,0.0,0.0,0.0,0.0,0.0,0.0,0.0,0.0,0.0,0.0,0.0,0.0,0.0,0.0,6.915399673292e-05,2.156783022801e-05,0.0,0.0,2.39642558089e-05,0.0,0.0,0.0,0.0,0.0,0.0007521353215538799,0.0,0.0,0.0,0.0,0.0,0.0,0.0,0.0,0.0,0.0,0.0,0.0,0.00013125039130951,6.675757115202999e-05,2.39642558089e-05,0.0,1.4378553485339999e-05,0.0,0.0,0.0,9.243356231603999e-05,1.198212790445e-05,0.0,0.0,0.0,0.0,0.0,0.0,0.0,3.0811187438679995e-05,0.0,0.0,0.0,0.0,0.0,0.0,0.00030434606345902,0.0,7.189277232203e-05,0.0,0.00011502843277805001,2.8757106970679997e-05,0.0,0.0,0.0,0.0,0.0,0.00012940698626338998,3.594638371335e-05,0.0,0.0,0.0,0.00010783915603537999,0.0,3.0811187438679995e-05,0.0,3.0811187438679995e-05,0.0,1.347989328059e-05,0.0,0.0,0.0,0.0,0.0,1.347989328059e-05,0.0,2.156783022801e-05,0.0,0.0,2.39642558089e-05,0.0,0.0,0.0,0.0,0.0,0.0,0.00014656710541737,0.00011810955348004999,4.6216781158019996e-05,0.0,0.0,0.0,0.00010783915603537999,0.0,0.0,1.347989328059e-05,0.0
0.0,0.0,0.0,0.0,0.0,0.0,0.0,0.0,0.0,0.0,0.0,0.0,0.0,0.0,0.0,0.0,0.0,0.0,0.0,0.0,0.0,0.0,0.0,0.0,0.0,0.0,0.0,0.0,0.0,0.0,0.0,0.0,0.0,0.0,0.0,0.0,0.0,0.0,0.0,0.0,0.0,0.0,0.0,0.0,0.0,0.0,0.0,0.0,0.0,0.0,0.0,0.0,0.0,0.0,0.0,0.0,0.0,0.0,0.0,0.0,0.0,0.0,0.0,0.0,0.0,0.001009944931937207,0.00590005780416301,0.0,0.0,0.0,0.000585475306380409,0.0,0.0,0.0,0.0,0.019549996599074856,0.0,0.0,0.000561080515054382,0.0,0.0,0.0,0.0,0.0,0.0,0.0,0.0,0.0,0.0,0.0,0.0,0.0,0.0,0.0,0.0,0.0,0.0,0.0,0.0,0.0,0.0,0.0,0.0,0.0,0.0,0.000785512711397496,0.0,0.0,0.0,0.0,0.0,0.0,0.0,0.0,0.0,0.0,0.000561080515054382,0.000897728809569053,0.0,0.0,0.0,0.0,0.0,0.000561080515054382,0.001496214698746153,0.0,0.0,0.0,0.0,0.0,0.0,0.0,0.000645242594732199,0.0,8.4162079677817e-05,0.0,0.0,0.0,0.0,0.0,0.0,0.0018555734110764872,0.0,0.0,8.4162079677817e-05,0.0,0.0,0.0,0.0,0.0,0.0,0.0,0.002899932412832287,0.0,0.0,0.0,0.000448864416882825,0.0,0.0,0.0,0.0,0.0,0.0
0.0,0.0,0.0,0.0,0.0,0.0,0.0,0.0,0.0,0.0,0.0,0.0,0.0,0.0,0.0,0.0,0.0,0.0,0.0,0.0,0.0,0.0,0.0,0.0,0.0,0.0,0.0,0.0,0.0,0.0,0.0,0.0,0.0,0.0,0.0,0.0,0.0,0.0,0.0,0.0,0.0,0.0,0.0,0.0,0.0,0.0,0.0,0.0,0.0,0.0,0.0,0.0,0.0,0.0,0.0,0.0,0.0,0.0,0.0,0.0,0.0,0.0,0.0,0.0,0.006866724806384588,0.031491725780710536,0.038534460493846436,0.0,0.1684413320043174,0.0,0.0,0.009687953442799135,0.0,0.00230814255021074,0.012723642652366883,0.36243871264418315,0.0,0.0,0.030173196871812007,0.0,0.0,0.0,0.00230814255021074,0.0,0.0,0.04739143771535813,0.0,0.0,0.1096133550175735,0.0025793498024206684,0.00276977108378912,0.0,0.0,0.0,0.0095210881005251,0.0,0.00200899622072688,0.0,0.010757261502988755,0.0,0.0,0.0,0.0,0.0,0.0,0.0034622138547364006,0.012723642652366883,0.004971164123906731,0.0,0.0,0.0,0.08234014442747722,0.021157020552106658,0.0,0.01411718184526591,0.0,0.016358969124471705,0.006515888062899244,0.0012117754907016078,0.0027264948146269396,0.006924427709472801,0.0,0.00138488554189456,0.058910724417523624,0.051930348807647894,0.023629621989778,0.0,0.0,0.04734578119973088,0.012723642652366883,0.0019085464096905357,0.0031159924692627603,0.13367176578527495,0.0,0.0038170928193810715,0.0031736960138948403,0.00138488554189456,0.0,0.0,0.0,0.0049625065447357,0.0,0.0,0.0,0.0034622138547364006,0.0,0.0,0.0,0.0021811958517015517,0.0,0.00138488554189456,0.0,0.13970212379202604,0.032387453988341454,0.035444433063570355,0.015268371119717574,0.018946970011721374,0.00548183862294616,0.07218206856439277,0.0,0.0,0.04023094239468816,0.0
0.0,0.0,0.0,0.0,0.0,0.0,0.0,0.0,0.0,0.0,0.0,0.0,0.0,0.0,0.0,0.0,0.0,0.0,0.0,0.0,0.0,0.0,0.0,0.0,0.0,0.0,0.0,0.0,0.0,0.0,0.0,0.0,0.0,0.0,0.0,0.0,0.0,0.0,0.0,0.0,0.0,0.0,0.0,0.0,0.0,0.0,0.0,0.0,0.0,0.0,0.0,0.0,0.0,0.0,0.0,0.0,0.0,0.0,0.0,0.0,0.0,0.0,0.0,0.0,0.00010791383337580801,5.2877776448832e-05,3.2374148041728e-05,0.0,0.0,0.0,0.0,0.0,4.3165530722304006e-05,0.0,0.0,0.0029443390359356163,0.0,0.0,6.2209149922752e-05,0.0,0.0,0.0,0.0,0.0,0.0,0.00011330952471609601,0.0,0.0,0.000151079364098112,0.0,0.0,5.395691340288001e-05,0.0,0.0,4.3165530722304006e-05,2.6978456701440004e-05,0.000294443619380544,0.0,0.0,0.0,0.0,0.0,0.0,0.0,0.0,0.0,0.0,0.0,0.0,0.0,0.0,0.0,0.000366136213108224,0.0,0.0,0.0,4.9413173326848e-05,0.0,0.0,0.0,0.0,0.0,0.0,0.000127049965422144,0.000258252608523264,4.3165530722304006e-05,0.0,0.0,0.0,0.0,0.0,0.0,0.000302158728196224,0.0,1.9043619200448003e-05,0.0,0.0,0.0,0.0,0.0,0.0,0.0,0.0,0.0,0.0,0.0,4.6248781978176e-05,3.2374148041728e-05,0.0,1.2949656588672002e-05,0.0,0.0,0.000273145691880384,0.000124100907396672,0.0,0.0,7.3227245249664e-05,0.0,0.001134636856363776,3.2374148041728e-05,0.0,0.00019424489482041603,0.0
0.0,0.0,0.0,0.0,0.0,0.0,0.0,0.0,0.0,0.0,0.0,0.0,0.0,0.0,0.0,0.0,0.0,0.0,0.0,0.0,0.0,0.0,0.0,0.0,0.0,0.0,0.0,0.0,0.0,0.0,0.0,0.0,0.0,0.0,0.0,0.0,0.0,0.0,0.0,0.0,0.0,0.0,0.0,0.0,0.0,0.0,0.0,0.0,0.0,0.0,0.0,0.0,0.0,0.0,0.0,0.0,0.0,0.0,0.0,0.0,0.0,0.0,0.0,0.0,0.003769966178419893,0.01392579339934715,0.0,0.0,0.020773282951896656,0.0,0.0,0.00230814255021074,0.0,0.0015387616870648087,0.0,0.1718796818926174,0.0,0.0,0.016156997851475178,0.0,0.0,0.0,0.0015387616870648087,0.0,0.0,0.0,0.0,0.0,0.0,0.00115407127510537,0.001846514040168592,0.0,0.0,0.0,0.006347392013079535,0.0,0.0,0.0,0.0,0.0,0.0,0.0,0.0,0.0,0.0,0.00230814255021074,0.0,0.0007693808631459309,0.0,0.0,0.0,0.0,0.0030775234133566705,0.0,0.0032313995702950354,0.0,0.0,0.00230814255021074,0.0,0.0,0.00461628510042148,0.0,0.000923257020084296,0.03723803315647562,0.0015387616870648087,0.0,0.0,0.0,0.023081425502107396,0.0,0.0,0.002077328295189666,0.06809020523121682,0.0,0.0,0.002115797324617494,0.000923257020084296,0.0,0.0,0.0,0.0033083376683777452,0.0,0.0,0.0,0.00230814255021074,0.0,0.0,0.0,0.0,0.0,0.000923257020084296,0.0,0.00884787978888352,0.0,0.0,0.0,0.0066936133956111464,0.003654559050909356,0.046624479514256946,0.0,0.0,0.0048470993554425535,0.0
0.0,0.0,0.0,0.0,0.0,0.0,0.0,0.0,0.0,0.0,0.0,0.0,0.0,0.0,0.0,0.0,0.0,0.0,0.0,0.0,0.0,0.0,0.0,0.0,0.0,0.0,0.0,0.0,0.0,0.0,0.0,0.0,0.0,0.0,0.0,0.0,0.0,0.0,0.0,0.0,0.0,0.0,0.0,0.0,0.0,0.0,0.0,0.0,0.0,0.0,0.0,0.0,0.0,0.0,0.0,0.0,0.0,0.0,0.0,0.0,0.0,0.0,0.0,0.0,0.0024765247727590017,0.021669591681013248,0.07875348754797781,0.0,0.28056418755405965,0.0,0.0,0.012723642652366883,0.0,0.0,0.02600351011396952,0.2138118915765789,0.0,0.0,0.012134971354267901,0.0,0.0,0.0,0.0,0.0,0.0,0.09685463224775713,0.0,0.0,0.22401855063851375,0.0017335674054337169,0.0,0.0,0.0,0.0,0.0,0.0,0.00410581741187772,0.0,0.021984785798707388,0.0,0.0,0.0,0.0,0.0,0.0,0.0,0.02600351011396952,0.007801053082567668,0.0,0.0,0.0,0.1682798579703365,0.03380456303528115,0.0,0.018945414398727135,0.0,0.033433084432246525,0.00624084236930051,0.0024765247727590017,0.005572180658079734,0.0,0.0,0.0,0.00624084236930051,0.10141368926709948,0.048292232907544495,0.0,0.0,0.02600351011396952,0.02600351011396952,0.003900526541283834,0.0,0.06445155705785978,0.0,0.007801053082567668,0.0,0.0,0.0,0.0,0.0,0.0,0.0,0.0,0.0,0.0,0.0,0.0,0.0,0.004457744526463788,0.0,0.0,0.0,0.2583876157555125,0.06619075294407877,0.07243834952257278,0.03120421200775859,0.01820245703140185,0.0,0.004588854716508972,0.0,0.0,0.06736147372229123,0.0
0.0,0.0,0.0,0.0,0.0,0.0,0.0,0.0,0.0,0.0,0.0,0.0,0.0,0.0,0.0,0.0,0.0,0.0,0.0,0.0,0.0,0.0,0.0,0.0,0.0,0.0,0.0,0.0,0.0,0.0,0.0,0.0,0.0,0.0,0.0,0.0,0.0,0.0,0.0,0.0,0.0,0.0,0.0,0.0,0.0,0.0,0.0,0.0,0.0,0.0,0.0,0.0,0.0,0.0,0.0,0.0,0.0,0.0,0.0,0.0,0.0,0.0,0.0,0.0020280536261756397,0.4516970101492334,2.4810198277668407,2.917011781335116,0.0,5.155779618665305,0.0007521353215538799,0.019549996599074856,0.36243871264418315,0.0029443390359356163,0.1718796818926174,0.2138118915765789,26.44245483597967,0.00018524871892889601,0.0023639534699126962,2.267232609467134,0.008278050847389008,0.0009061821016670161,0.0041390256636884126,0.1718796818926174,0.0,0.0,0.915304306105257,0.0,0.00018123646395659201,1.9870919414655985,0.16426589745555908,0.9082146383155351,0.0036804237949195203,0.0004905166276964759,6.387887517255999e-05,0.9196538824187388,0.0018402118974597602,0.09599365670582563,0.037565416883339614,0.18076823540073886,0.00018123646395659201,0.00779598989902107,0.0034702433597683558,0.000372403746843504,0.0020593180796840997,0.002207480289968778,0.6298039942824288,0.2197752335090045,0.15373390753500413,0.0020593180796840997,0.0133981168784211,0.022313609653571834,1.3836683812754382,0.6629338417120723,0.027892012066964792,0.5222341312221059,0.00064353688288389,0.7383406851520479,0.4376668008136785,0.020363037293007515,0.04581683324630913,0.5156390500595142,0.012873236107764075,0.10312781001190283,4.804940013364166,1.3120159376776939,0.48390848313839946,3.972725035804e-06,0.0,2.8467728431321886,0.2143556009684487,0.037235195599837574,0.29686215585862025,8.584560139451655,0.001505100197705985,0.20428931547051224,0.2584645029450109,0.10629122784231007,0.0,0.000313587171872912,2.0219839920885e-05,0.37344023354630873,0.2495260572673776,0.000676921789398492,0.05229755855677885,0.27517921622306746,0.0007521353215538799,0.003154648903053054,0.0022082542769517118,0.0366534665970473,0.002942619611206488,0.10312781001190283,0.0,4.248817718464224,0.6207023911543784,0.7084913236121628,0.25657426883116224,0.9581535245229658,0.40896902695612336,6.2689725091338255,0.0022082542769517118,0.002230870710421923,2.9253909953944803,0.0029836710973465195
0.0,0.0,0.0,0.0,0.0,0.0,0.0,0.0,0.0,0.0,0.0,0.0,0.0,0.0,0.0,0.0,0.0,0.0,0.0,0.0,0.0,0.0,0.0,0.0,0.0,0.0,0.0,0.0,0.0,0.0,0.0,0.0,0.0,0.0,0.0,0.0,0.0,0.0,0.0,0.0,0.0,0.0,0.0,0.0,0.0,0.0,0.0,0.0,0.0,0.0,0.0,0.0,0.0,0.0,0.0,0.0,0.0,0.0,0.0,0.0,0.0,0.0,0.0,0.0,0.0,0.0,0.0,0.0,0.0,0.0,0.0,0.0,0.0,0.0,0.0,0.00018524871892889601,0.000212286298722304,0.0,0.0,0.0,0.0,0.0,0.0,0.0,0.0,0.0,0.0,0.0,7.5445471519808e-05,0.0,0.0,0.0,0.0,7.320217950944e-05,0.0,0.0,0.0,0.0,0.0,0.0,0.0,0.0,0.0,0.0,0.0,0.0,0.0,0.0,0.0,0.0,0.0,0.0,0.0,0.0,0.0,0.0,0.0,0.0,0.0,0.0,0.0,0.0,0.0,0.000164704892968704,0.0,0.0,0.0,0.0,0.00013176390854694402,0.0,0.0,0.0,0.0,0.0,0.0,0.00010980326197913601,0.0,0.0,0.000359356115543488,0.0,8.2352446484352e-05,0.0,0.0,0.0,0.0,0.0,0.0,0.0,0.0,0.0,0.0,0.0,0.0,0.0,0.0,0.0,0.0,0.0,0.001557789464528,0.0,0.0,0.0,0.0
0.0,0.0,0.0,0.0,0.0,0.0,0.0,0.0,0.0,0.0,0.0,0.0,0.0,0.0,0.0,0.0,0.0,0.0,0.0,0.0,0.0,0.0,0.0,0.0,0.0,0.0,0.0,0.0,0.0,0.0,0.0,0.0,0.0,0.0,0.0,0.0,0.0,0.0,0.0,0.0,0.0,0.0,0.0,0.0,0.0,0.0,0.0,0.0,0.0,0.0,0.0,0.0,0.0,0.0,0.0,0.0,0.0,0.0,0.0,0.0,0.0,0.0,0.0,0.0,0.0,0.0,0.0,0.0,0.0,0.0,0.0,0.0,0.0,0.0,0.0,0.0023639534699126962,0.0,0.00011746352288748102,0.0,0.0,4.5027680702751e-05,0.0,0.0,0.0,0.0,0.00036022147813618503,0.0,9.005538308162e-06,0.0,0.000135083052946312,0.0,0.0,0.0,0.0,9.005538308162e-06,0.0,0.0,0.0,0.0,9.005538308162e-06,0.0,0.0,1.8504533442594003e-05,0.0,0.0,0.0,0.0,0.0,0.0,0.0,0.0,0.0,2.7016614924486e-05,0.0,9.0055372243561e-05,0.0,5.8731766862770006e-05,0.0,0.0,0.0,0.0,0.0,0.0,0.000153094129562636,0.0,0.0,0.0,0.0,0.0,2.7016614924486e-05,0.0,0.0,0.00024161197140422103,0.0,0.0,0.0,0.0,0.0,0.0,0.0,0.0,0.0,0.0,0.0,0.0,0.0,0.0,0.0,0.0,0.0,0.0,0.0,0.000149578274061095,5.4033219010913005e-05,2.7016614924486e-05,0.0,0.0,0.0,1.6473546214348003e-05,0.0,0.0,0.0,0.0
0.0,0.0,0.0,0.0,0.0,0.0,0.0,0.0,0.0,0.0,0.0,0.0,0.0,0.0,0.0,0.0,0.0,0.0,0.0,0.0,0.0,0.0,0.0,0.0,0.0,0.0,0.0,0.0,0.0,0.0,0.0,0.0,0.0,0.0,0.0,0.0,0.0,0.0,0.0,0.0,0.0,0.0,0.0,0.0,0.0,0.0,0.0,0.0,0.0,0.0,0.0,0.0,0.0,0.0,0.0,0.0,0.0,0.0,0.0,0.0,0.0,0.0,0.0,0.00061085953035114,0.0423983489105872,0.2092901660706425,2.0098722542566785,0.005827730697305428,0.42647284522915563,0.0,0.000561080515054382,0.030173196871812007,6.2209149922752e-05,0.016156997851475178,0.012134971354267901,2.267232609467134,0.0,0.0,0.28572975260518796,0.0,0.0,0.0,0.016156997851475178,0.0,0.0,0.0523385004737967,0.0,0.0,0.16098096443190493,0.02170597732095102,0.0817510013717704,7.776143740344e-05,3.93290237081e-07,0.0,0.47508894581461114,3.888071870172e-05,0.016678224816586002,0.003838986554546847,0.010259566678796518,0.0,0.03974563428003588,0.0018360008491157321,0.0,0.01049884490696877,0.0,0.049810878401871234,0.024699317255115056,0.012818537715167886,0.01049884490696877,0.004532331712073905,0.002303391945119016,0.07853060017744566,0.11470043494551019,0.00287923993139877,0.04277367312305892,0.003280888946669433,0.11285041583493928,0.038085553303584076,0.001155711557549324,0.00260035096685957,0.048470993966309606,0.001328879944509225,0.00969419879326192,0.5888064234397702,0.10988785713035999,0.029160565000339138,0.0,0.0,0.29898456169159704,0.012134971354267901,0.003236633806404489,0.08832642124815177,0.8033157228804084,0.0,0.029127208902204462,0.04280493989272022,0.010488316182718402,0.0,0.0,0.0,0.03819449902432358,0.04278772167909812,0.0,0.023723813409691954,0.034104057867959364,0.0,6.665265927886299e-05,4.6656862442063995e-05,0.0020802807734876558,0.010517507648158154,0.00969419879326192,0.0,0.5613459000573108,0.1551329152539219,0.10131942947912925,0.014561965564919227,0.08386760703304276,0.038411051386038016,0.5858461210014886,4.6656862442063995e-05,0.001180286249110631,0.21441605098638955,0.015211394691028843
0.0,0.0,0.0,0.0,0.0,0.0,0.0,0.0,0.0,0.0,0.0,0.0,0.0,0.0,0.0,0.0,0.0,0.0,0.0,0.0,0.0,0.0,0.0,0.0,0.0,0.0,0.0,0.0,0.0,0.0,0.0,0.0,0.0,0.0,0.0,0.0,0.0,0.0,0.0,0.0,0.0,0.0,0.0,0.0,0.0,0.0,0.0,0.0,0.0,0.0,0.0,0.0,0.0,0.0,0.0,0.0,0.0,0.0,0.0,0.0,0.0,0.0,0.0,0.0,0.0,0.00044074832438011503,0.0,0.0,0.0,0.0,0.0,0.0,0.0,0.0,0.0,0.008278050847389008,0.0,0.0,0.0,0.000297437519626129,0.0,0.000148718768436253,0.0,0.0,0.0,0.000148718768436253,0.0,0.0,0.0,0.000208206265462928,0.0,0.0,0.0,0.0,0.00267878402201765,0.0,0.0,0.0,0.0,0.0,0.0,0.0,0.0,0.0,7.9316674199818e-05,0.0,0.0,0.0,0.0,0.0,0.0,0.0,0.0,0.0,4.823311501967e-05,0.0,0.000432490224434828,0.0,0.0,0.0,0.0,0.0,0.0,0.000736511945147378,1.6077710755349e-05,0.0,0.0,0.0,0.0,0.0,0.0,0.0,0.0009121417188051531,5.4079550590785e-05,0.0,0.0,0.0,0.0,0.0,0.0,0.0,0.0,0.0,0.0,0.0,0.0,0.0,0.0,0.0,0.0,0.0,0.0,0.000517051297677445,0.0,0.00014163690589512,0.0,0.0,0.0,0.001586333432257229,0.0,0.0,5.4079550590785e-05,0.0
0.0,0.0,0.0,0.0,0.0,0.0,0.0,0.0,0.0,0.0,0.0,0.0,0.0,0.0,0.0,0.0,0.0,0.0,0.0,0.0,0.0,0.0,0.0,0.0,0.0,0.0,0.0,0.0,0.0,0.0,0.0,0.0,0.0,0.0,0.0,0.0,0.0,0.0,0.0,0.0,0.0,0.0,0.0,0.0,0.0,0.0,0.0,0.0,0.0,0.0,0.0,0.0,0.0,0.0,0.0,0.0,0.0,0.0,0.0,0.0,0.0,0.0,0.0,0.0,0.0,0.0,0.0,0.0,0.0,0.0,0.0,0.0,0.0,0.0,0.0,0.0009061821016670161,0.0,4.5027680702751e-05,0.0,0.0,1.7260609758921002e-05,0.0,0.0,0.0,0.0,0.00013808489053513502,0.0,3.4521227827020004e-06,0.0,5.1781833431352006e-05,0.0,0.0,0.0,0.0,3.4521227827020004e-06,0.0,0.0,0.0,0.0,3.4521227827020004e-06,0.0,0.0,7.093404002574001e-06,0.0,0.0,0.0,0.0,0.0,0.0,0.0,0.0,0.0,1.0356368348106e-05,0.0,3.4521223672431004e-05,0.0,2.251384242867e-05,0.0,0.0,0.0,0.0,0.0,0.0,5.8686078996756e-05,0.0,0.0,0.0,0.0,0.0,1.0356368348106e-05,0.0,0.0,9.261791605529101e-05,0.0,0.0,0.0,0.0,0.0,0.0,0.0,0.0,0.0,0.0,0.0,0.0,0.0,0.0,0.0,0.0,0.0,0.0,0.0,5.733833447974501e-05,2.0712732541623e-05,1.0356368348106e-05,0.0,0.0,0.0,6.3148589515080005e-06,0.0,0.0,0.0,0.0
0.0,0.0,0.0,0.0,0.0,0.0,0.0,0.0,0.0,0.0,0.0,0.0,0.0,0.0,0.0,0.0,0.0,0.0,0.0,0.0,0.0,0.0,0.0,0.0,0.0,0.0,0.0,0.0,0.0,0.0,0.0,0.0,0.0,0.0,0.0,0.0,0.0,0.0,0.0,0.0,0.0,0.0,0.0,0.0,0.0,0.0,0.0,0.0,0.0,0.0,0.0,0.0,0.0,0.0,0.0,0.0,0.0,0.0,0.0,0.0,0.0,0.0,0.0,0.0,0.0,0.000220374174968055,0.0,0.0,0.0,0.0,0.0,0.0,0.0,0.0,0.0,0.0041390256636884126,0.0,0.0,0.0,0.000148718768436253,0.0,7.4359388529721e-05,0.0,0.0,0.0,7.4359388529721e-05,0.0,0.0,0.0,0.000104103138767696,0.0,0.0,0.0,0.0,0.00133939208867105,0.0,0.0,0.0,0.0,0.0,0.0,0.0,0.0,0.0,3.9658339399426e-05,0.0,0.0,0.0,0.0,0.0,0.0,0.0,0.0,0.0,2.411655890819e-05,0.0,0.00021624512475599598,0.0,0.0,0.0,0.0,0.0,0.0,0.000368255993926346,8.038855843793001e-06,0.0,0.0,0.0,0.0,0.0,0.0,0.0,0.000456070885847021,2.7039776863244998e-05,0.0,0.0,0.0,0.0,0.0,0.0,0.0,0.0,0.0,0.0,0.0,0.0,0.0,0.0,0.0,0.0,0.0,0.0,0.000258525663828865,0.0,7.081845705384e-05,0.0,0.0,0.0,0.000793166762118953,0.0,0.0,2.7039776863244998e-05,0.0
0.0,0.0,0.0,0.0,0.0,0.0,0.0,0.0,0.0,0.0,0.0,0.0,0.0,0.0,0.0,0.0,0.0,0.0,0.0,0.0,0.0,0.0,0.0,0.0,0.0,0.0,0.0,0.0,0.0,0.0,0.0,0.0,0.0,0.0,0.0,0.0,0.0,0.0,0.0,0.0,0.0,0.0,0.0,0.0,0.0,0.0,0.0,0.0,0.0,0.0,0.0,0.0,0.0,0.0,0.0,0.0,0.0,0.0,0.0,0.0,0.0,0.0,0.0,0.0,0.003769966178419893,0.01392579339934715,0.0,0.0,0.020773282951896656,0.0,0.0,0.00230814255021074,0.0,0.0015387616870648087,0.0,0.1718796818926174,0.0,0.0,0.016156997851475178,0.0,0.0,0.0,0.0015387616870648087,0.0,0.0,0.0,0.0,0.0,0.0,0.00115407127510537,0.001846514040168592,0.0,0.0,0.0,0.006347392013079535,0.0,0.0,0.0,0.0,0.0,0.0,0.0,0.0,0.0,0.0,0.00230814255021074,0.0,0.0007693808631459309,0.0,0.0,0.0,0.0,0.0030775234133566705,0.0,0.0032313995702950354,0.0,0.0,0.00230814255021074,0.0,0.0,0.00461628510042148,0.0,0.000923257020084296,0.03723803315647562,0.0015387616870648087,0.0,0.0,0.0,0.023081425502107396,0.0,0.0,0.002077328295189666,0.06809020523121682,0.0,0.0,0.002115797324617494,0.000923257020084296,0.0,0.0,0.0,0.0033083376683777452,0.0,0.0,0.0,0.00230814255021074,0.0,0.0,0.0,0.0,0.0,0.000923257020084296,0.0,0.00884787978888352,0.0,0.0,0.0,0.0066936133956111464,0.003654559050909356,0.046624479514256946,0.0,0.0,0.0048470993554425535,0.0
0.0,0.0,0.0,0.0,0.0,0.0,0.0,0.0,0.0,0.0,0.0,0.0,0.0,0.0,0.0,0.0,0.0,0.0,0.0,0.0,0.0,0.0,0.0,0.0,0.0,0.0,0.0,0.0,0.0,0.0,0.0,0.0,0.0,0.0,0.0,0.0,0.0,0.0,0.0,0.0,0.0,0.0,0.0,0.0,0.0,0.0,0.0,0.0,0.0,0.0,0.0,0.0,0.0,0.0,0.0,0.0,0.0,0.0,0.0,0.0,0.0,0.0,0.0,0.0,0.0,0.000313846301635044,0.0051386625197797,0.0,0.001765385443726108,0.0,0.0,0.0,0.0,0.0,0.0,0.0,0.0,0.0,0.0,0.0,0.0,0.0,0.0,0.000564923338189456,0.0,0.0,0.0,0.0,0.011279635974757684,0.0,0.0,0.0,0.0,0.0,0.0,0.0,0.0,0.0,0.0,0.0,0.0,0.0,0.0,0.0,0.0,0.0,0.0,0.000282461669094728,0.0,0.0,0.0,0.0,0.00016140666126324,0.0,0.0,0.0,0.0,0.0,0.0,0.0,0.0,0.0,0.0,0.0,0.0,0.0,0.0,0.0,0.0,0.0,0.0,0.0,7.061542915774e-05,0.0,0.000847385007284184,0.0,0.0,0.0,0.0,0.0,0.0,0.001129846676378912,0.0,0.0,0.0,0.0,0.0,0.0,0.0,0.0,0.0,0.0,0.0015817853516841,0.000564923338189456,0.0,0.0,0.0,0.0,0.00458215597059628,0.0,0.0,0.0,0.0
0.0,0.0,0.0,0.0,0.0,0.0,0.0,0.0,0.0,0.0,0.0,0.0,0.0,0.0,0.0,0.0,0.0,0.0,0.0,0.0,0.0,0.0,0.0,0.0,0.0,0.0,0.0,0.0,0.0,0.0,0.0,0.0,0.0,0.0,0.0,0.0,0.0,0.0,0.0,0.0,0.0,0.0,0.0,0.0,0.0,0.0,0.0,0.0,0.0,0.0,0.0,0.0,0.0,0.0,0.0,0.0,0.0,0.0,0.0,0.0,0.0,0.0,0.0,0.0,0.0,0.0,0.0,0.0,0.0,0.0,0.0,0.0,0.0,0.0,0.0,0.0,0.0,0.0,0.0,0.0,0.0,0.0,0.0,0.0,4.8351612100000006e-08,0.0,0.0,0.0,0.0,5.098897276e-08,0.0,0.0,0.0,0.0,0.0,0.0,0.0,0.0,0.0,0.0,0.0,0.0,0.0,0.0,0.0,0.0,0.0,0.0,0.0,0.0,0.0,0.0,0.0,0.0,0.0,0.0,0.0,0.0,0.0,0.0,0.0,0.0,0.0,5.7362704300000006e-08,0.0,0.0,0.0,0.0,0.0,0.0,0.0,0.0,0.0,0.0,0.0,5.7362704300000006e-08,0.0,0.0,0.0,0.0,0.0,0.0,0.0,0.0,0.0,0.0,0.0,0.0,0.0,0.0,0.0,0.0,5.098897276e-08,0.0,0.0,0.0,0.0,2.549448638e-08,0.0,0.0,0.0,0.0,0.0
0.0,0.0,0.0,0.0,0.0,0.0,0.0,0.0,0.0,0.0,0.0,0.0,0.0,0.0,0.0,0.0,0.0,0.0,0.0,0.0,0.0,0.0,0.0,0.0,0.0,0.0,0.0,0.0,0.0,0.0,0.0,0.0,0.0,0.0,0.0,0.0,0.0,0.0,0.0,0.0,0.0,0.0,0.0,0.0,0.0,0.0,0.0,0.0,0.0,0.0,0.0,0.0,0.0,0.0,0.0,0.0,0.0,0.0,0.0,0.0,0.0,0.0,0.0,0.0,0.0095075245192992,0.0957158160722793,0.3185177335060211,0.0,1.0450127723334743,0.0,0.0,0.04739143771535813,0.00011330952471609601,0.0,0.09685463224775713,0.915304306105257,0.0,0.00036022147813618503,0.0523385004737967,0.000148718768436253,0.00013808489053513502,7.4359388529721e-05,0.0,0.0,0.0,0.365024530269784,1.185186548148e-06,2.7616984754370002e-05,0.8348335458870322,0.00697533356704418,0.013281259392568509,0.00014163690589512,0.0,0.0,0.001485218410099172,7.081845294756e-05,0.016065751311224223,0.0,0.08188618898937058,2.7616984754370002e-05,0.0,0.0,5.6747237142690004e-05,0.0,3.9658339399426e-05,0.009562506760536863,0.09685463224775713,0.029056389854515054,0.0,0.0,0.0,0.6267878331420272,0.12695548575061152,0.0,0.07087090770440077,0.0,0.125064140285308,0.02324511152323621,0.009224250690262583,0.020754563752777618,0.0,0.0,0.0,0.024416362370084297,0.37842355395956323,0.1799861973842101,0.0,0.0,0.09685463224775713,0.09693748320202024,0.014528194927257527,0.0,0.24765520293376153,2.7039776863244998e-05,0.029106379357814783,8.4279927572e-07,0.0,0.0,0.0,0.0,0.0,0.003104064489006418,0.0,1.633270652552e-06,0.0,0.0,0.000121403059732049,8.498214353707199e-05,0.016603651002222095,3.3992850516278e-05,0.0,0.0,0.9739347670107678,0.24703053040646447,0.2699630018011843,0.11622555821680744,0.06799046392316806,0.0,0.020956634537098288,8.498214353707199e-05,0.0,0.29606158260166665,0.0
0.0,0.0,0.0,0.0,0.0,0.0,0.0,0.0,0.0,0.0,0.0,0.0,0.0,0.0,0.0,0.0,0.0,0.0,0.0,0.0,0.0,0.0,0.0,0.0,0.0,0.0,0.0,0.0,0.0,0.0,0.0,0.0,0.0,0.0,0.0,0.0,0.0,0.0,0.0,0.0,0.0,0.0,0.0,0.0,0.0,0.0,0.0,0.0,0.0,0.0,0.0,0.0,0.0,0.0,0.0,0.0,0.0,0.0,0.0,0.0,0.0,0.0,0.0,0.0,0.0,0.0,0.0,0.0,0.0,0.0,0.0,0.0,0.0,0.0,0.0,0.0,0.0,0.0,0.0,0.0,0.0,0.0,0.0,0.0,0.0,1.185186548148e-06,1.1111108888889e-05,0.0,0.0,0.0,0.0,0.0,0.0,0.0,0.0,0.0,0.0,0.0,0.0,0.0,0.0,0.0,0.0,0.0,0.0,0.0,0.0,0.0,0.0,0.0,0.0,0.0,4.740739525926e-06,0.0,0.0,0.0,0.0,0.0,0.0,0.0,0.0,0.0,0.0,0.0,0.0,0.0,0.0,0.0,0.0,0.0,0.0,0.0,0.0,0.0,0.0,7.90123254321e-06,0.0,0.0,0.0,0.0,0.0,0.0,0.0,0.0,0.0,0.0,0.0,0.0,0.0,0.0,0.0,0.0,0.0,0.0,0.0,0.0,0.0,0.0,0.0,0.0,0.0,0.0,0.0
0.0,0.0,0.0,0.0,0.0,0.0,0.0,0.0,0.0,0.0,0.0,0.0,0.0,0.0,0.0,0.0,0.0,0.0,0.0,0.0,0.0,0.0,0.0,0.0,0.0,0.0,0.0,0.0,0.0,0.0,0.0,0.0,0.0,0.0,0.0,0.0,0.0,0.0,0.0,0.0,0.0,0.0,0.0,0.0,0.0,0.0,0.0,0.0,0.0,0.0,0.0,0.0,0.0,0.0,0.0,0.0,0.0,0.0,0.0,0.0,0.0,0.0,0.0,0.0,0.0,0.0,0.0,0.0,0.0,0.0,0.0,0.0,0.0,0.0,0.0,0.00018123646395659201,0.0,9.005538308162e-06,0.0,0.0,3.4521227827020004e-06,0.0,0.0,0.0,0.0,2.7616984754370002e-05,0.0,6.90424722724e-07,0.0,1.0356369179024001e-05,0.0,0.0,0.0,0.0,6.90424722724e-07,0.0,0.0,0.0,0.0,6.90424722724e-07,0.0,0.0,1.4186811419880001e-06,0.0,0.0,0.0,0.0,0.0,0.0,0.0,0.0,0.0,2.071274168172e-06,0.0,6.9042463963220005e-06,0.0,4.50276956954e-06,0.0,0.0,0.0,0.0,0.0,0.0,1.1737218624472e-05,0.0,0.0,0.0,0.0,0.0,2.071274168172e-06,0.0,0.0,1.8523587669642003e-05,0.0,0.0,0.0,0.0,0.0,0.0,0.0,0.0,0.0,0.0,0.0,0.0,0.0,0.0,0.0,0.0,0.0,0.0,0.0,1.1467669656190001e-05,4.142547505426e-06,2.071274168172e-06,0.0,0.0,0.0,1.2629720942960001e-06,0.0,0.0,0.0,0.0
0.0,0.0,0.0,0.0,0.0,0.0,0.0,0.0,0.0,0.0,0.0,0.0,0.0,0.0,0.0,0.0,0.0,0.0,0.0,0.0,0.0,0.0,0.0,0.0,0.0,0.0,0.0,0.0,0.0,0.0,0.0,0.0,0.0,0.0,0.0,0.0,0.0,0.0,0.0,0.0,0.0,0.0,0.0,0.0,0.0,0.0,0.0,0.0,0.0,0.0,0.0,0.0,0.0,0.0,0.0,0.0,0.0,0.0,0.0,0.0,0.0,0.0,0.0,0.00024434380771919996,0.021732394753448514,0.19992378075585537,1.8607280141964315,0.0034155198456054083,2.5715170990268987,0.00013125039130951,0.0,0.1096133550175735,0.000151079364098112,0.0,0.22401855063851375,1.9870919414655985,7.5445471519808e-05,0.0,0.16098096443190493,0.0,0.0,0.0,0.0,0.011279635974757684,0.0,0.8348335458870322,0.0,0.0,2.215681268952412,0.01759734417190269,0.0484066758081433,0.00018884920512264,0.00010562510228092999,2.6015682512755e-05,0.18839438975870443,9.442460256132e-05,0.049933907031720605,0.008457911960263523,0.1893975016887746,0.0,0.017540984358717118,0.0,0.0,0.00463346570197908,0.0,0.000538239742152068,0.22865201634049284,0.07328520244959062,0.00463346570197908,0.008499430421620668,0.005035372085852632,1.4497200462147548,0.33594672480289445,0.0062942151073157905,0.16363771319646828,0.001447957993579332,0.4060516295031744,0.07595170499830427,0.021335100060810835,0.048003974442219224,0.0,0.002905022305131575,0.0,0.23463198867172963,0.8797837692210356,0.4190952778999259,0.0,1.0993157619599997e-06,0.24911512004812042,0.22401855063851375,0.03644909054829709,0.038873142441187426,0.5997163722263963,0.0,0.12118799297112791,0.012405841446865257,0.00031764695003496,0.0,0.000127713336865751,0.0,0.001551053976224567,0.04877250259206807,0.000118125352178559,0.019276789131601614,0.010848050239147243,0.00013125039130951,0.00016187074396295298,0.000113309523073584,0.03840317955377538,0.004678789502010445,0.0,1.0993157619599997e-06,2.51051666413823,0.6495660441338684,0.6713246969310666,0.2688222596548483,0.16516237429760064,0.000197918987575764,0.3359228452417269,0.000113309523073584,0.0,0.6157691210989332,0.006713260001904175
0.0,0.0,0.0,0.0,0.0,0.0,0.0,0.0,0.0,0.0,0.0,0.0,0.0,0.0,0.0,0.0,0.0,0.0,0.0,0.0,0.0,0.0,0.0,0.0,0.0,0.0,0.0,0.0,0.0,0.0,0.0,0.0,0.0,0.0,0.0,0.0,0.0,0.0,0.0,0.0,0.0,0.0,0.0,0.0,0.0,0.0,0.0,0.0,0.0,0.0,0.0,0.0,0.0,0.0,0.0,0.0,0.0,0.0,0.0,0.0,0.0,0.0,0.0,0.0001832578557894,0.0038707752988506442,0.015618913627680706,0.11228047788069302,0.0,0.03428812710871975,6.675757115202999e-05,0.0,0.0025793498024206684,0.0,0.00115407127510537,0.0017335674054337169,0.16426589745555908,0.0,0.000135083052946312,0.02170597732095102,0.000208206265462928,5.1781833431352006e-05,0.000104103138767696,0.00115407127510537,0.0,5.098897276e-08,0.00697533356704418,0.0,1.0356369179024001e-05,0.01759734417190269,0.004146946812603316,0.002352204790587726,0.0,4.005454269121799e-05,0.0,0.04074369381632163,0.0,0.0013892638939527779,3.3378785576014997e-05,0.001465652441114353,1.0356369179024001e-05,0.003248336210511821,0.0010733543330527198,2.1280213715088e-05,0.0008580492225582299,5.5521672399776e-05,0.0020918668859637763,0.0037991402752559672,0.001426970017538986,0.0008580492225582299,0.0,0.0,0.01121865761544521,0.0059904440686166065,0.0,0.004024176959104899,0.000268140374958867,0.00732685326463066,0.002227272186184583,0.000165101657660354,0.000371478724360595,0.0034622138547364006,0.0,0.00069244277094728,0.04140698385624659,0.0287347912876934,0.0037557630824524473,0.0,0.0,0.02380904498495693,0.0017646365129707889,0.000345866279233654,0.006548229894972514,0.058613894917693345,3.785568572712e-05,0.001523640238607309,0.0031191392638994613,0.0009306779834735001,0.0,0.0,0.0,0.0027869447793951105,0.004675464776742524,6.0081814036827e-05,0.001532230765372961,0.002160131538647315,6.675757115202999e-05,0.0,0.0,0.000297182979488476,0.0008580492225582299,0.00069244277094728,0.0,0.042542868833343433,0.01258189939724987,0.009799251911940468,0.002080280877920138,0.0063253361978409615,0.0027409461965678082,0.03716221530543494,0.0,0.0006900134933682599,0.01072387914791778,0.001243196323435556
0.0,0.0,0.0,0.0,0.0,0.0,0.0,0.0,0.0,0.0,0.0,0.0,0.0,0.0,0.0,0.0,0.0,0.0,0.0,0.0,0.0,0.0,0.0,0.0,0.0,0.0,0.0,0.0,0.0,0.0,0.0,0.0,0.0,0.0,0.0,0.0,0.0,0.0,0.0,0.0,0.0,0.0,0.0,0.0,0.0,0.0,0.0,0.0,0.0,0.0,0.0,0.0,0.0,0.0,0.0,0.0,0.0,0.0,0.0,0.0,0.0,0.0,0.0,0.0001832578557894,0.00452634924080562,0.16554068145646608,0.754565619067648,0.0,0.2833809748456458,2.39642558089e-05,0.0,0.00276977108378912,0.0,0.001846514040168592,0.0,0.9082146383155351,0.0,0.0,0.0817510013717704,0.0,0.0,0.0,0.001846514040168592,0.0,0.0,0.013281259392568509,0.0,0.0,0.0484066758081433,0.002352204790587726,0.1863430796674732,0.0,1.7655977074541998e-05,0.0,0.08446117062680657,0.0,0.02195840617081159,0.020376368630957882,0.0,0.0,0.005684580655290524,0.0,0.0,0.00150158610544212,0.0,0.04861124372334248,0.00150158610544212,0.001253121184041448,0.00150158610544212,0.0,0.012218631967561185,0.0,0.004547147758236868,0.015273289959451482,0.0039495722896267975,0.000469245645542148,0.23437593181247166,0.05625504304883998,0.0,0.0,0.00553954216757824,0.0070492106241139005,0.001107908433515648,0.3138714053473172,0.09018260036315397,0.04452282650168624,0.0,0.0,0.049795218279672926,0.0,3.1345528695494995e-05,0.040164567869397184,0.19844943618543984,0.0,0.0702706137067574,0.014866648985185197,0.0013461436460418682,0.0,0.0,0.0,0.004679099110897059,0.03686820669030773,2.156783022801e-05,0.028864186519308017,0.0035205641365101802,2.39642558089e-05,0.0,0.0,0.0,0.00150158610544212,0.001107908433515648,0.0,0.3993001800042104,0.03567761481503736,0.060656141282995284,0.0,0.022506239006927265,0.004385470898356929,0.5369978577400254,0.0,0.0,0.32415466074716676,0.0021755935167004636
0.0,0.0,0.0,0.0,0.0,0.0,0.0,0.0,0.0,0.0,0.0,0.0,0.0,0.0,0.0,0.0,0.0,0.0,0.0,0.0,0.0,0.0,0.0,0.0,0.0,0.0,0.0,0.0,0.0,0.0,0.0,0.0,0.0,0.0,0.0,0.0,0.0,0.0,0.0,0.0,0.0,0.0,0.0,0.0,0.0,0.0,0.0,0.0,0.0,0.0,0.0,0.0,0.0,0.0,0.0,0.0,0.0,0.0,0.0,0.0,0.0,0.0,0.0,0.0,0.00013489229171976,6.609722056104e-05,4.046768505216e-05,0.0,0.0,0.0,0.0,0.0,5.395691340288001e-05,0.0,0.0,0.0036804237949195203,0.0,0.0,7.776143740344e-05,0.0,0.0,0.0,0.0,0.0,0.0,0.00014163690589512,0.0,0.0,0.00018884920512264,0.0,0.0,6.74461417536e-05,0.0,0.0,5.395691340288001e-05,3.37230708768e-05,0.00036805452422568005,0.0,0.0,0.0,0.0,0.0,0.0,0.0,0.0,0.0,0.0,0.0,0.0,0.0,0.0,0.0,0.0004576702663852801,0.0,0.0,0.0,6.176646665856001e-05,0.0,0.0,0.0,0.0,0.0,0.0,0.00015881245677768,0.00032281576065408004,5.395691340288001e-05,0.0,0.0,0.0,0.0,0.0,0.0,0.00037769841024528,0.0,2.3804524000560002e-05,0.0,0.0,0.0,0.0,0.0,0.0,0.0,0.0,0.0,0.0,0.0,5.7810977472720004e-05,4.046768505216e-05,0.0,1.6187070735840002e-05,0.0,0.0,0.00034143211485048,0.00015512613424584,0.0,0.0,9.153405656208e-05,0.0,0.00141829607045472,4.046768505216e-05,0.0,0.00024280611852552003,0.0
0.0,0.0,0.0,0.0,0.0,0.0,0.0,0.0,0.0,0.0,0.0,0.0,0.0,0.0,0.0,0.0,0.0,0.0,0.0,0.0,0.0,0.0,0.0,0.0,0.0,0.0,0.0,0.0,0.0,0.0,0.0,0.0,0.0,0.0,0.0,0.0,0.0,0.0,0.0,0.0,0.0,0.0,0.0,0.0,0.0,0.0,0.0,0.0,0.0,0.0,0.0,0.0,0.0,0.0,0.0,0.0,0.0,0.0,0.0,0.0,0.0,0.0,0.0,0.0,3.277423589202e-06,4.4769821628954e-05,6.5797992668736e-05,0.0,0.0,1.4378553485339999e-05,0.0,0.0,0.0,0.0,0.0,0.0004905166276964759,0.0,0.0,3.93290237081e-07,0.0,0.0,0.0,0.0,0.0,0.0,0.0,0.0,0.0,0.00010562510228092999,4.005454269121799e-05,1.7655977074541998e-05,0.0,1.3121884018092998e-05,0.0,0.0,0.0,5.546013738962399e-05,7.189276742669999e-06,0.0,0.0,0.0,0.0,0.0,0.0,0.0,1.8486712463207997e-05,0.0,0.0,0.0,0.0,0.0,0.0,0.00018260763807541197,0.0,4.3135663393217996e-05,0.0,6.901705966683e-05,1.7254264182407996e-05,0.0,0.0,0.0,0.0,0.0,8.0921615347236e-05,2.4938893643155996e-05,2.313474851177e-06,0.0,0.0,6.470349362122799e-05,0.0,1.8880002700288996e-05,0.0,1.8486712463207997e-05,0.0,8.087935968354e-06,0.0,0.0,0.0,0.0,0.0,8.087935968354e-06,0.0,1.2940698136806e-05,0.0,0.0,1.4378553485339999e-05,0.0,0.0,0.0,0.0,0.0,0.0,9.646156373431399e-05,7.086573208803e-05,2.7730068694811995e-05,0.0,0.0,0.0,6.732543206857299e-05,0.0,0.0,8.087935968354e-06,0.0
0.0,0.0,0.0,0.0,0.0,0.0,0.0,0.0,0.0,0.0,0.0,0.0,0.0,0.0,0.0,0.0,0.0,0.0,0.0,0.0,0.0,0.0,0.0,0.0,0.0,0.0,0.0,0.0,0.0,0.0,0.0,0.0,0.0,0.0,0.0,0.0,0.0,0.0,0.0,0.0,0.0,0.0,0.0,0.0,0.0,0.0,0.0,0.0,0.0,0.0,0.0,0.0,0.0,0.0,0.0,0.0,0.0,0.0,0.0,0.0,0.0,0.0,0.0,0.0,0.0,0.0,0.0,0.0,0.0,0.0,0.0,0.0,0.0,0.0,0.0,6.387887517255999e-05,7.320217950944e-05,0.0,0.0,0.0,0.0,0.0,0.0,0.0,0.0,0.0,0.0,0.0,2.6015682512755e-05,0.0,0.0,0.0,0.0,2.5242133464024998e-05,0.0,0.0,0.0,0.0,0.0,0.0,0.0,0.0,0.0,0.0,0.0,0.0,0.0,0.0,0.0,0.0,0.0,0.0,0.0,0.0,0.0,0.0,0.0,0.0,0.0,0.0,0.0,0.0,0.0,5.679479652594e-05,0.0,0.0,0.0,0.0,4.543583521109e-05,0.0,0.0,0.0,0.0,0.0,0.0,3.786319768396e-05,0.0,0.0,0.000123915914668805,0.0,2.839739826297e-05,0.0,0.0,0.0,0.0,0.0,0.0,0.0,0.0,0.0,0.0,0.0,0.0,0.0,0.0,0.0,0.0,0.0,0.00053716883617375,0.0,0.0,0.0,0.0
0.0,0.0,0.0,0.0,0.0,0.0,0.0,0.0,0.0,0.0,0.0,0.0,0.0,0.0,0.0,0.0,0.0,0.0,0.0,0.0,0.0,0.0,0.0,0.0,0.0,0.0,0.0,0.0,0.0,0.0,0.0,0.0,0.0,0.0,0.0,0.0,0.0,0.0,0.0,0.0,0.0,0.0,0.0,0.0,0.0,0.0,0.0,0.0,0.0,0.0,0.0,0.0,0.0,0.0,0.0,0.0,0.0,0.0,0.0,0.0,0.0,0.0,0.0,0.0010262440034737798,0.015659024451504005,0.13750083677361238,8.755654326401896,0.0,0.1286259478120785,0.0,0.0,0.0095210881005251,4.3165530722304006e-05,0.006347392013079535,0.0,0.9196538824187388,0.0,9.005538308162e-06,0.47508894581461114,0.00267878402201765,3.4521227827020004e-06,0.00133939208867105,0.006347392013079535,0.0,0.0,0.001485218410099172,0.0,6.90424722724e-07,0.18839438975870443,0.04074369381632163,0.08446117062680657,5.395691340288001e-05,0.0,0.0,3.02746023181536,2.6978456701440004e-05,0.08188995759377964,0.003455647494954468,0.0,6.90424722724e-07,0.2958152097989901,0.0,1.4186811419880001e-06,0.07813986647944463,0.0007143424265813,0.01106045410573577,0.07813986647944463,0.005020935293698368,0.07813986647944463,0.001099064293483932,0.002073388508126304,0.0,0.016198758526068075,0.0025917356351578802,0.013774499888659204,0.024418707629109457,0.44375460902398856,0.01859216282357768,0.0,0.0,0.0190421762010502,0.0011961856563159,0.00380843524021004,0.9597843913886239,0.03931400530435928,0.0488805825108532,0.0,0.0,0.37947368893334077,2.071274168172e-06,0.00035123707760421994,0.4679246514046938,0.5038412362178394,0.00048705165448725,0.012284485137273577,0.1499000265426219,0.005142552444725954,0.0,0.0,1.4109353086419998e-06,0.038065600627132636,0.08012223836328573,0.0,0.14397962816148505,0.04969083259948298,0.0,4.6248781978176e-05,3.2374148041728e-05,0.0,0.0781528161360333,0.00380843524021004,0.0,1.4952448764272772,0.614744768902368,0.4391851501207727,0.0,0.02922787750901738,0.01507505621310194,0.2917674317170488,3.2374148041728e-05,0.0,0.034930127553778716,0.1132140116989598
0.0,0.0,0.0,0.0,0.0,0.0,0.0,0.0,0.0,0.0,0.0,0.0,0.0,0.0,0.0,0.0,0.0,0.0,0.0,0.0,0.0,0.0,0.0,0.0,0.0,0.0,0.0,0.0,0.0,0.0,0.0,0.0,0.0,0.0,0.0,0.0,0.0,0.0,0.0,0.0,0.0,0.0,0.0,0.0,0.0,0.0,0.0,0.0,0.0,0.0,0.0,0.0,0.0,0.0,0.0,0.0,0.0,0.0,0.0,0.0,0.0,0.0,0.0,0.0,6.744614585988e-05,3.304861028052e-05,2.023384252608e-05,0.0,0.0,0.0,0.0,0.0,2.6978456701440004e-05,0.0,0.0,0.0018402118974597602,0.0,0.0,3.888071870172e-05,0.0,0.0,0.0,0.0,0.0,0.0,7.081845294756e-05,0.0,0.0,9.442460256132e-05,0.0,0.0,3.37230708768e-05,0.0,0.0,2.6978456701440004e-05,1.68615354384e-05,0.00018402726211284002,0.0,0.0,0.0,0.0,0.0,0.0,0.0,0.0,0.0,0.0,0.0,0.0,0.0,0.0,0.0,0.00022883513319264004,0.0,0.0,0.0,3.0883233329280006e-05,0.0,0.0,0.0,0.0,0.0,0.0,7.940622838884e-05,0.00016140788032704002,2.6978456701440004e-05,0.0,0.0,0.0,0.0,0.0,0.0,0.00018884920512264,0.0,1.1902262000280001e-05,0.0,0.0,0.0,0.0,0.0,0.0,0.0,0.0,0.0,0.0,0.0,2.8905488736360002e-05,2.023384252608e-05,0.0,8.093535367920001e-06,0.0,0.0,0.00017071605742524,7.756306712292e-05,0.0,0.0,4.576702828104e-05,0.0,0.00070914803522736,2.023384252608e-05,0.0,0.00012140305926276001,0.0
0.0,0.0,0.0,0.0,0.0,0.0,0.0,0.0,0.0,0.0,0.0,0.0,0.0,0.0,0.0,0.0,0.0,0.0,0.0,0.0,0.0,0.0,0.0,0.0,0.0,0.0,0.0,0.0,0.0,0.0,0.0,0.0,0.0,0.0,0.0,0.0,0.0,0.0,0.0,0.0,0.0,0.0,0.0,0.0,0.0,0.0,0.0,0.0,0.0,0.0,0.0,0.0,0.0,0.0,0.0,0.0,0.0,0.0,0.0,0.0,0.0,0.0,0.0,0.0,0.0011271393229700531,0.006670684977150809,0.3271009694037289,0.0,0.09200463262073151,9.243356231603999e-05,0.0,0.00200899622072688,0.000294443619380544,0.0,0.00410581741187772,0.09599365670582563,0.0,0.0,0.016678224816586002,0.0,0.0,0.0,0.0,0.0,0.0,0.016065751311224223,0.0,0.0,0.049933907031720605,0.0013892638939527779,0.02195840617081159,0.00036805452422568005,5.546013738962399e-05,0.0,0.08188995759377964,0.00018402726211284002,0.008912221427877783,0.0038858250882303495,0.0034712819897434804,0.0,0.00779598989902107,0.0,0.0,0.0020593180796840997,0.0,0.00011884315694404798,0.006165135491561819,0.00123174523120176,0.0020593180796840997,0.0,0.002303764996636312,0.026570504054825285,0.009008981861074336,0.0028797062457953902,0.003268681945232268,0.00064353688288389,0.0593516440135953,0.011175288304747632,0.00039103022970264,0.0008798180041002,0.0,0.0013290951665345752,0.0,0.0697556555849695,0.018770997495136874,0.009206606884268033,0.0,0.0,0.014609088031251338,0.00410581741187772,0.000734715772544928,0.01743284598646527,0.02767809250049717,0.0,0.014660289453542284,0.00549611557910259,0.0,0.0,0.0,0.0,0.000695530759326414,0.005286934132130119,8.3190206084436e-05,0.008613993009307172,0.0010296590398420498,9.243356231603999e-05,0.000315475300076861,0.000220832714535408,0.00070385440328016,0.002147651147571842,0.0,0.0,0.13656038737830123,0.032336812661583135,0.032795720553092655,0.00492698087388408,0.003373574787681714,0.0,0.09934957927427752,0.000220832714535408,0.0,0.027851396792980588,0.0029836710973465195
0.0,0.0,0.0,0.0,0.0,0.0,0.0,0.0,0.0,0.0,0.0,0.0,0.0,0.0,0.0,0.0,0.0,0.0,0.0,0.0,0.0,0.0,0.0,0.0,0.0,0.0,0.0,0.0,0.0,0.0,0.0,0.0,0.0,0.0,0.0,0.0,0.0,0.0,0.0,0.0,0.0,0.0,0.0,0.0,0.0,0.0,0.0,0.0,0.0,0.0,0.0,0.0,0.0,0.0,0.0,0.0,0.0,0.0,0.0,0.0,0.0,0.0,0.0,0.0,0.0,0.000725706484964439,0.08619522314507426,0.0,0.04770502378484822,1.198212790445e-05,0.0,0.0,0.0,0.0,0.0,0.037565416883339614,0.0,0.0,0.003838986554546847,0.0,0.0,0.0,0.0,0.0,0.0,0.0,0.0,0.0,0.008457911960263523,3.3378785576014997e-05,0.020376368630957882,0.0,7.189276742669999e-06,0.0,0.003455647494954468,0.0,0.0038858250882303495,0.0038455993710245543,0.0,0.0,0.0,0.0,0.0,0.0,0.0,1.5405593719339997e-05,0.0,0.0,0.0,0.0,0.002303764996636312,0.0,0.00015217303172951,0.0028797062457953902,3.5946386161015e-05,0.0,0.04277210201877295,0.010093350413769204,0.0,0.0,0.0,0.0013290951665345752,0.0,0.04764824331599507,1.7973191856675e-05,0.0,0.0,0.0,0.0029336258238130803,0.0,1.5405593719339997e-05,0.0054562855183491596,0.009943535668764127,0.0,0.01325338867729909,0.00181876183944972,0.0,0.0,0.0,0.0,6.739946640295e-06,0.003570835732393369,1.0783915114005e-05,0.004936639269654301,0.0,1.198212790445e-05,0.0,0.0,0.0,0.0,0.0,0.0,0.05673830763335724,0.004551396532573747,0.009896386929887611,0.0,0.0,0.0,0.09052333060542017,0.0,0.0,0.01584512429851494,0.0
0.0,0.0,0.0,0.0,0.0,0.0,0.0,0.0,0.0,0.0,0.0,0.0,0.0,0.0,0.0,0.0,0.0,0.0,0.0,0.0,0.0,0.0,0.0,0.0,0.0,0.0,0.0,0.0,0.0,0.0,0.0,0.0,0.0,0.0,0.0,0.0,0.0,0.0,0.0,0.0,0.0,0.0,0.0,0.0,0.0,0.0,0.0,0.0,0.0,0.0,0.0,0.0,0.0,0.0,0.0,0.0,0.0,0.0,0.0,0.0,0.0,0.0,0.0,0.0,0.002093789123686418,0.018320654764088833,0.06658249394235959,0.0,0.2372042673904527,0.0,0.0,0.010757261502988755,0.0,0.0,0.021984785798707388,0.18076823540073886,0.0,0.0,0.010259566678796518,0.0,0.0,0.0,0.0,0.0,0.0,0.08188618898937058,0.0,0.0,0.1893975016887746,0.001465652441114353,0.0,0.0,0.0,0.0,0.0,0.0,0.0034712819897434804,0.0,0.018587137063291802,0.0,0.0,0.0,0.0,0.0,0.0,0.0,0.021984785798707388,0.006595435780512612,0.0,0.0,0.0,0.14227297066818936,0.028580221442885353,0.0,0.01601748670076684,0.0,0.028266153169766644,0.005276348542609299,0.002093789123686418,0.004711025460127115,0.0,0.0,0.0,0.005276348542609299,0.0857406644649907,0.0408288877755505,0.0,0.0,0.021984785798707388,0.021984785798707388,0.003297717890256306,0.0,0.05449086181442111,0.0,0.006595435780512612,0.0,0.0,0.0,0.0,0.0,0.0,0.0,0.0,0.0,0.0,0.0,0.0,0.0,0.003768820368101692,0.0,0.0,0.0,0.21845498398202565,0.05596127288019397,0.0612433317996604,0.026381742849381145,0.015389350018194777,0.0,0.003879668074105148,0.0,0.0,0.05695106408246978,0.0
0.0,0.0,0.0,0.0,0.0,0.0,0.0,0.0,0.0,0.0,0.0,0.0,0.0,0.0,0.0,0.0,0.0,0.0,0.0,0.0,0.0,0.0,0.0,0.0,0.0,0.0,0.0,0.0,0.0,0.0,0.0,0.0,0.0,0.0,0.0,0.0,0.0,0.0,0.0,0.0,0.0,0.0,0.0,0.0,0.0,0.0,0.0,0.0,0.0,0.0,0.0,0.0,0.0,0.0,0.0,0.0,0.0,0.0,0.0,0.0,0.0,0.0,0.0,0.0,0.0,0.0,0.0,0.0,0.0,0.0,0.0,0.0,0.0,0.0,0.0,0.00018123646395659201,0.0,9.005538308162e-06,0.0,0.0,3.4521227827020004e-06,0.0,0.0,0.0,0.0,2.7616984754370002e-05,0.0,6.90424722724e-07,0.0,1.0356369179024001e-05,0.0,0.0,0.0,0.0,6.90424722724e-07,0.0,0.0,0.0,0.0,6.90424722724e-07,0.0,0.0,1.4186811419880001e-06,0.0,0.0,0.0,0.0,0.0,0.0,0.0,0.0,0.0,2.071274168172e-06,0.0,6.9042463963220005e-06,0.0,4.50276956954e-06,0.0,0.0,0.0,0.0,0.0,0.0,1.1737218624472e-05,0.0,0.0,0.0,0.0,0.0,2.071274168172e-06,0.0,0.0,1.8523587669642003e-05,0.0,0.0,0.0,0.0,0.0,0.0,0.0,0.0,0.0,0.0,0.0,0.0,0.0,0.0,0.0,0.0,0.0,0.0,0.0,1.1467669656190001e-05,4.142547505426e-06,2.071274168172e-06,0.0,0.0,0.0,1.2629720942960001e-06,0.0,0.0,0.0,0.0
0.0,0.0,0.0,0.0,0.0,0.0,0.0,0.0,0.0,0.0,0.0,0.0,0.0,0.0,0.0,0.0,0.0,0.0,0.0,0.0,0.0,0.0,0.0,0.0,0.0,0.0,0.0,0.0,0.0,0.0,0.0,0.0,0.0,0.0,0.0,0.0,0.0,0.0,0.0,0.0,0.0,0.0,0.0,0.0,0.0,0.0,0.0,0.0,0.0,0.0,0.0,0.0,0.0,0.0,0.0,0.0,0.0,0.0,0.0,0.0,0.0,0.0,0.0,0.0,0.0,0.007308782508847427,0.8638158255279458,0.0,0.0,0.0,0.0,0.0,0.0,0.0,0.0,0.00779598989902107,0.0,0.0,0.03974563428003588,0.0,0.0,0.0,0.0,0.0,0.0,0.0,0.0,0.0,0.017540984358717118,0.003248336210511821,0.005684580655290524,0.0,0.0,0.0,0.2958152097989901,0.0,0.00779598989902107,0.0,0.0,0.0,0.029513392763066693,0.0,0.0,0.00779598989902107,0.0,1.39999965e-08,0.00779598989902107,0.0,0.00779598989902107,0.0,0.0,0.0,0.0,0.0,0.0,0.0024362467790211033,0.04004304148462159,0.0,0.0,0.0,0.0,0.0,0.0,0.07503640299282108,0.0032483385438365213,0.004872493729836823,0.0,0.0,0.027285964818368365,0.0,0.0,0.0453398362086789,0.020418073547098774,0.0,0.0,0.01392141063213455,0.0,0.0,0.0,0.0,0.0024362467790211033,0.006496658249184225,0.0,0.01392141063213455,0.003897994949510535,0.0,0.0,0.0,0.0,0.00779598989902107,0.0,0.0,0.13881757991974958,0.060916717836805995,0.04280334410610055,0.0,0.0,0.0,0.0,0.0,0.0,0.0,0.011295326334668404
0.0,0.0,0.0,0.0,0.0,0.0,0.0,0.0,0.0,0.0,0.0,0.0,0.0,0.0,0.0,0.0,0.0,0.0,0.0,0.0,0.0,0.0,0.0,0.0,0.0,0.0,0.0,0.0,0.0,0.0,0.0,0.0,0.0,0.0,0.0,0.0,0.0,0.0,0.0,0.0,0.0,0.0,0.0,0.0,0.0,0.0,0.0,0.0,0.0,0.0,0.0,0.0,0.0,0.0,0.0,0.0,0.0,0.0,0.0,0.0,0.0,0.0,0.0,0.0,0.00046220999533024,0.0010733543330527198,0.004453906948254492,0.0,0.0,0.0,0.0,0.0,0.0,0.0,0.0,0.0034702433597683558,0.0,0.0,0.0018360008491157321,0.0,0.0,0.0,0.0,0.0,0.0,0.0,0.0,0.0,0.0,0.0010733543330527198,0.0,0.0,0.0,0.0,0.0,0.0,0.0,0.0,0.0,0.0,0.0,0.000564923338189456,0.0,0.0,0.0,0.0,0.0006355387673471959,0.0,0.0,0.0,0.0,0.0,0.0,0.0,0.0,0.0,0.0,0.0,0.0,0.0,0.0,0.0,0.0,0.001694770014568368,0.010710983181486666,0.0,0.0,0.0,0.0,0.0,0.0,0.0,0.0,0.0,0.000508430994863264,0.0,0.0,0.0,0.0,0.0,0.0,0.0010733543330527198,0.0,0.0,0.0,0.0,0.0,0.0,0.0,0.0,0.0,0.0,0.000254215497431632,0.000564923338189456,0.0,0.0,0.0,0.0,0.0,0.0,0.000363164999726348,0.0013275698542524678,0.0
0.0,0.0,0.0,0.0,0.0,0.0,0.0,0.0,0.0,0.0,0.0,0.0,0.0,0.0,0.0,0.0,0.0,0.0,0.0,0.0,0.0,0.0,0.0,0.0,0.0,0.0,0.0,0.0,0.0,0.0,0.0,0.0,0.0,0.0,0.0,0.0,0.0,0.0,0.0,0.0,0.0,0.0,0.0,0.0,0.0,0.0,0.0,0.0,0.0,0.0,0.0,0.0,0.0,0.0,0.0,0.0,0.0,0.0,0.0,0.0,0.0,0.0,0.0,0.0,0.0,0.0,0.0,0.0,0.0,0.0,0.0,0.0,0.0,0.0,0.0,0.000372403746843504,0.0,1.8504533442594003e-05,0.0,0.0,7.093404002574001e-06,0.0,0.0,0.0,0.0,5.6747237142690004e-05,0.0,1.4186811419880001e-06,0.0,2.1280213715088e-05,0.0,0.0,0.0,0.0,1.4186811419880001e-06,0.0,0.0,0.0,0.0,1.4186811419880001e-06,0.0,0.0,2.9150986579560003e-06,0.0,0.0,0.0,0.0,0.0,0.0,0.0,0.0,0.0,4.256043425964e-06,0.0,1.4186809712514e-05,0.0,9.25226757498e-06,0.0,0.0,0.0,0.0,0.0,0.0,2.4117575999064e-05,0.0,0.0,0.0,0.0,0.0,4.256043425964e-06,0.0,0.0,3.8062171941354007e-05,0.0,0.0,0.0,0.0,0.0,0.0,0.0,0.0,0.0,0.0,0.0,0.0,0.0,0.0,0.0,0.0,0.0,0.0,0.0,2.3563708176030002e-05,8.512085144562e-06,4.256043425964e-06,0.0,0.0,0.0,2.595148513752e-06,0.0,0.0,0.0,0.0
0.0,0.0,0.0,0.0,0.0,0.0,0.0,0.0,0.0,0.0,0.0,0.0,0.0,0.0,0.0,0.0,0.0,0.0,0.0,0.0,0.0,0.0,0.0,0.0,0.0,0.0,0.0,0.0,0.0,0.0,0.0,0.0,0.0,0.0,0.0,0.0,0.0,0.0,0.0,0.0,0.0,0.0,0.0,0.0,0.0,0.0,0.0,0.0,0.0,0.0,0.0,0.0,0.0,0.0,0.0,0.0,0.0,0.0,0.0,0.0,0.0,0.0,0.0,0.0,0.0,0.00193061069403138,0.22817774598425092,0.0,0.0,0.0,0.0,0.0,0.0,0.0,0.0,0.0020593180796840997,0.0,0.0,0.01049884490696877,0.0,0.0,0.0,0.0,0.0,0.0,0.0,0.0,0.0,0.00463346570197908,0.0008580492225582299,0.00150158610544212,0.0,0.0,0.0,0.07813986647944463,0.0,0.0020593180796840997,0.0,0.0,0.0,0.00779598989902107,0.0,0.0,0.0020593180796840997,0.0,0.0,0.0020593180796840997,0.0,0.0020593180796840997,0.0,0.0,0.0,0.0,0.0,0.0,0.00064353688288389,0.01057740653319903,0.0,0.0,0.0,0.0,0.0,0.0,0.019820936573684098,0.0008580492225582299,0.00128707381114749,0.0,0.0,0.00720761332427406,0.0,0.0,0.011976560468116109,0.00539345213938962,0.0,0.0,0.0036773537396528697,0.0,0.0,0.0,0.0,0.00064353688288389,0.0017160983997367499,0.0,0.0036773537396528697,0.0010296590398420498,0.0,0.0,0.0,0.0,0.0020593180796840997,0.0,0.0,0.03666878841028932,0.01609120843167096,0.0113065430722965,0.0,0.0,0.0,0.0,0.0,0.0,0.0,0.0029836710973465195
0.0,0.0,0.0,0.0,0.0,0.0,0.0,0.0,0.0,0.0,0.0,0.0,0.0,0.0,0.0,0.0,0.0,0.0,0.0,0.0,0.0,0.0,0.0,0.0,0.0,0.0,0.0,0.0,0.0,0.0,0.0,0.0,0.0,0.0,0.0,0.0,0.0,0.0,0.0,0.0,0.0,0.0,0.0,0.0,0.0,0.0,0.0,0.0,0.0,0.0,0.0,0.0,0.0,0.0,0.0,0.0,0.0,0.0,0.0,0.0,0.0,0.0,0.0,0.0,0.0,0.00011753288990883002,0.0,0.0,0.0,0.0,0.0,0.0,0.0,0.0,0.0,0.002207480289968778,0.0,0.0,0.0,7.9316674199818e-05,0.0,3.9658339399426e-05,0.0,0.0,0.0,3.9658339399426e-05,0.0,0.0,0.0,5.5521672399776e-05,0.0,0.0,0.0,0.0,0.0007143424265813,0.0,0.0,0.0,0.0,0.0,0.0,0.0,0.0,0.0,2.1151113733156002e-05,0.0,0.0,0.0,0.0,0.0,0.0,0.0,0.0,0.0,1.286216437814e-05,0.0,0.000115330729859576,0.0,0.0,0.0,0.0,0.0,0.0,0.000196403191066676,4.287389659058e-06,0.0,0.0,0.0,0.0,0.0,0.0,0.0,0.000243237798733226,1.442121390897e-05,0.0,0.0,0.0,0.0,0.0,0.0,0.0,0.0,0.0,0.0,0.0,0.0,0.0,0.0,0.0,0.0,0.0,0.0,0.00013788035004468999,0.0,3.7769842667040005e-05,0.0,0.0,0.0,0.00042302226086601797,0.0,0.0,1.442121390897e-05,0.0
0.0,0.0,0.0,0.0,0.0,0.0,0.0,0.0,0.0,0.0,0.0,0.0,0.0,0.0,0.0,0.0,0.0,0.0,0.0,0.0,0.0,0.0,0.0,0.0,0.0,0.0,0.0,0.0,0.0,0.0,0.0,0.0,0.0,0.0,0.0,0.0,0.0,0.0,0.0,0.0,0.0,0.0,0.0,0.0,0.0,0.0,0.0,0.0,0.0,0.0,0.0,0.0,0.0,0.0,0.0,0.0,0.0,0.0,0.0,0.0,0.0,0.0,0.0,0.0001832578557894,0.00565494931568298,0.07292839142163687,0.09755042656213084,0.0,0.0311599246926276,3.0811187438679995e-05,0.000785512711397496,0.0034622138547364006,0.0,0.00230814255021074,0.0,0.6298039942824288,0.0,0.0,0.049810878401871234,0.0,0.0,0.0,0.00230814255021074,0.0,0.0,0.009562506760536863,0.0,0.0,0.000538239742152068,0.0020918668859637763,0.04861124372334248,0.0,1.8486712463207997e-05,0.0,0.01106045410573577,0.0,0.00011884315694404798,1.5405593719339997e-05,0.0,0.0,1.39999965e-08,0.0,0.0,0.0,0.0,0.0376181341904848,0.0,0.00148393544494658,0.0,0.0,0.0,0.0,0.005557360825983484,0.0,0.004939532965240996,0.0,0.000900690738669968,0.004703640112462649,0.0,0.0,0.006924427709472801,0.0,0.00138488554189456,0.057309231894235244,0.004361836751721627,0.0,0.0,6.3799573724e-07,0.036221615821290125,0.0,3.9614385648015994e-05,0.0031159924692627603,0.1221673664359649,0.0,0.00013024875029495598,0.0031736960138948403,0.0016231207544207802,0.0,0.0,0.0,0.0049798378368832085,0.0150369801541502,2.7730068694812002e-05,0.0,0.0035751313128838482,3.0811187438679995e-05,0.0,0.0,0.0,0.0,0.00138488554189456,6.3799573724e-07,0.05386499148617831,0.00015185514708206,5.943557846852399e-05,0.0,0.010735845991210585,0.00548183862294616,0.07059362392206181,0.0,0.0,0.1602880890988887,0.0
0.0,0.0,0.0,0.0,0.0,0.0,0.0,0.0,0.0,0.0,0.0,0.0,0.0,0.0,0.0,0.0,0.0,0.0,0.0,0.0,0.0,0.0,0.0,0.0,0.0,0.0,0.0,0.0,0.0,0.0,0.0,0.0,0.0,0.0,0.0,0.0,0.0,0.0,0.0,0.0,0.0,0.0,0.0,0.0,0.0,0.0,0.0,0.0,0.0,0.0,0.0,0.0,0.0,0.0,0.0,0.0,0.0,0.0,0.0,0.0,0.0,0.0,0.0,0.0,0.002996511027228842,0.02480772602230865,0.31194187894271,0.0,0.28056418755405965,0.0,0.0,0.012723642652366883,0.0,0.0,0.02600351011396952,0.2197752335090045,0.0,0.0,0.024699317255115056,0.0,0.0,0.0,0.0,0.0,0.0,0.09685463224775713,0.0,0.0,0.22865201634049284,0.0037991402752559672,0.00150158610544212,0.0,0.0,0.0,0.07813986647944463,0.0,0.006165135491561819,0.0,0.021984785798707388,0.0,0.00779598989902107,0.0006355387673471959,0.0,0.0020593180796840997,0.0,0.0,0.02877780932028878,0.007801053082567668,0.0020593180796840997,0.0,0.0,0.1682798579703365,0.03380456303528115,0.0,0.018945414398727135,0.00064353688288389,0.044010490965445556,0.00624084236930051,0.0024765247727590017,0.005572180658079734,0.0,0.0,0.0,0.027968395245026197,0.11432159479415273,0.049579306718691984,0.0,0.0,0.033211123438243575,0.02600351011396952,0.003900526541283834,0.011976560468116109,0.0698450091972494,0.0,0.008373037962484491,0.0036773537396528697,0.0,0.0,0.0,0.0,0.00064353688288389,0.00292362204700077,0.0,0.0036773537396528697,0.0010296590398420498,0.0,0.0,0.0,0.004457744526463788,0.0020593180796840997,0.0,0.0,0.2953423966057602,0.08291750014309691,0.08374489259486928,0.03120421200775859,0.01820245703140185,0.0,0.004588854716508972,0.0,0.000408560632331893,0.0688549898362528,0.0029836710973465195
0.0,0.0,0.0,0.0,0.0,0.0,0.0,0.0,0.0,0.0,0.0,0.0,0.0,0.0,0.0,0.0,0.0,0.0,0.0,0.0,0.0,0.0,0.0,0.0,0.0,0.0,0.0,0.0,0.0,0.0,0.0,0.0,0.0,0.0,0.0,0.0,0.0,0.0,0.0,0.0,0.0,0.0,0.0,0.0,0.0,0.0,0.0,0.0,0.0,0.0,0.0,0.0,0.0,0.0,0.0,0.0,0.0,0.0,0.0,0.0,0.0,0.0,0.0,0.00021990942694727998,0.002627940573698103,0.014331468943103541,0.030377501670005847,0.0,0.09543859125077223,0.0,0.0,0.004971164123906731,0.0,0.0007693808631459309,0.007801053082567668,0.15373390753500413,0.0,0.0,0.012818537715167886,0.0,0.0,0.0,0.0007693808631459309,0.000282461669094728,0.0,0.029056389854515054,0.0,0.0,0.07328520244959062,0.001426970017538986,0.001253121184041448,0.0,0.0,0.0,0.005020935293698368,0.0,0.00123174523120176,0.0,0.006595435780512612,0.0,0.0,0.0,0.0,0.0,0.0,0.00148393544494658,0.007801053082567668,0.0035940229428460613,0.0,0.0,0.0,0.05048395770416803,0.01242056233085305,0.0,0.0072993241812000275,0.0,0.010029925391872715,0.003026324026926248,0.000742957436435016,0.0016716542077903798,0.00230814260905132,0.0,0.000461628521810264,0.021129007113432855,0.03119348783194534,0.014487669962105999,0.0,0.0,0.02109475843681395,0.007801053082567668,0.0011701579696416719,0.001038664174073094,0.053473969474118324,0.0,0.003685293944704429,0.001057898689277346,0.0007475107768417279,0.0,0.0,0.0,0.001654168876357955,0.0030191353532785146,0.0,0.0,0.00115407130452566,0.0,0.0,0.0,0.0013373233662323039,0.0,0.000461628521810264,0.0,0.08516395060365414,0.02013968767545933,0.02173150499153581,0.00936126366037975,0.008917498639882377,0.001827279572036804,0.027529748327574446,0.0,0.0,0.02263199198151023,0.0
0.0,0.0,0.0,0.0,0.0,0.0,0.0,0.0,0.0,0.0,0.0,0.0,0.0,0.0,0.0,0.0,0.0,0.0,0.0,0.0,0.0,0.0,0.0,0.0,0.0,0.0,0.0,0.0,0.0,0.0,0.0,0.0,0.0,0.0,0.0,0.0,0.0,0.0,0.0,0.0,0.0,0.0,0.0,0.0,0.0,0.0,0.0,0.0,0.0,0.0,0.0,0.0,0.0,0.0,0.0,0.0,0.0,0.0,0.0,0.0,0.0,0.0,0.0,0.0,0.0,0.00193061069403138,0.22817774598425092,0.0,0.0,0.0,0.0,0.0,0.0,0.0,0.0,0.0020593180796840997,0.0,0.0,0.01049884490696877,0.0,0.0,0.0,0.0,0.0,0.0,0.0,0.0,0.0,0.00463346570197908,0.0008580492225582299,0.00150158610544212,0.0,0.0,0.0,0.07813986647944463,0.0,0.0020593180796840997,0.0,0.0,0.0,0.00779598989902107,0.0,0.0,0.0020593180796840997,0.0,0.0,0.0020593180796840997,0.0,0.0020593180796840997,0.0,0.0,0.0,0.0,0.0,0.0,0.00064353688288389,0.01057740653319903,0.0,0.0,0.0,0.0,0.0,0.0,0.019820936573684098,0.0008580492225582299,0.00128707381114749,0.0,0.0,0.00720761332427406,0.0,0.0,0.011976560468116109,0.00539345213938962,0.0,0.0,0.0036773537396528697,0.0,0.0,0.0,0.0,0.00064353688288389,0.0017160983997367499,0.0,0.0036773537396528697,0.0010296590398420498,0.0,0.0,0.0,0.0,0.0020593180796840997,0.0,0.0,0.03666878841028932,0.01609120843167096,0.0113065430722965,0.0,0.0,0.0,0.0,0.0,0.0,0.0,0.0029836710973465195
0.0,0.0,0.0,0.0,0.0,0.0,0.0,0.0,0.0,0.0,0.0,0.0,0.0,0.0,0.0,0.0,0.0,0.0,0.0,0.0,0.0,0.0,0.0,0.0,0.0,0.0,0.0,0.0,0.0,0.0,0.0,0.0,0.0,0.0,0.0,0.0,0.0,0.0,0.0,0.0,0.0,0.0,0.0,0.0,0.0,0.0,0.0,0.0,0.0,0.0,0.0,0.0,0.0,0.0,0.0,0.0,0.0,0.0,0.0,0.0,0.0,0.0,0.0,0.0,0.0,0.0,0.002198128527663516,0.0,0.0,0.0,0.0,0.0,0.0,0.0,0.0,0.0133981168784211,0.0,0.0,0.004532331712073905,0.0,0.0,0.0,0.0,0.0,0.0,0.0,0.0,0.0,0.008499430421620668,0.0,0.0,0.0,0.0,0.0,0.001099064293483932,0.0,0.0,0.0,0.0,0.0,0.0,0.0,0.0,0.0,0.0,0.0,0.0,0.0,0.0,0.003517005691705104,0.0,0.0,0.0,0.0,0.0,0.0,0.0,0.0,0.0,0.0,0.0,0.0,0.0,0.004814948242989648,0.0,0.0,0.0,0.0,0.0,0.0,0.001099064293483932,0.0,0.0025644833316943922,0.0,0.001099064293483932,0.0,0.0,0.0,0.0,0.0,0.0,0.0032971928211474482,0.0,0.0,0.003517005691705104,0.0,0.0,0.0,0.0,0.0,0.0,0.0,0.001099064293483932,0.0,0.0,0.0,0.0032971928211474482,0.0,0.0,0.0,0.0,0.0,0.0
0.0,0.0,0.0,0.0,0.0,0.0,0.0,0.0,0.0,0.0,0.0,0.0,0.0,0.0,0.0,0.0,0.0,0.0,0.0,0.0,0.0,0.0,0.0,0.0,0.0,0.0,0.0,0.0,0.0,0.0,0.0,0.0,0.0,0.0,0.0,0.0,0.0,0.0,0.0,0.0,0.0,0.0,0.0,0.0,0.0,0.0,0.0,0.0,0.0,0.0,0.0,0.0,0.0,0.0,0.0,0.0,0.0,0.0,0.0,0.0,0.0,0.0,0.0,0.0,0.0,0.000414677694189512,0.05171066381614942,0.0,0.02862301442488409,0.0,0.0,0.0,0.0,0.0,0.0,0.022313609653571834,0.0,0.0,0.002303391945119016,0.0,0.0,0.0,0.0,0.0,0.0,0.0,0.0,0.0,0.005035372085852632,0.0,0.012218631967561185,0.0,0.0,0.0,0.002073388508126304,0.0,0.002303764996636312,0.002303764996636312,0.0,0.0,0.0,0.0,0.0,0.0,0.0,0.0,0.0,0.0,0.0,0.0,0.001382259005417536,0.0,0.0,0.0017278237567719202,0.0,0.0,0.02562875281929812,0.00604738314870172,0.0,0.0,0.0,0.0007974571042106,0.0,0.028550124047301072,0.0,0.0,0.0,0.0,0.0017278237567719202,0.0,0.0,0.0032737713286204798,0.005956878077071408,0.0,0.007947989281150833,0.00109125710954016,0.0,0.0,0.0,0.0,0.0,0.002142501450961432,0.0,0.002961983577726328,0.0,0.0,0.0,0.0,0.0,0.0,0.0,0.0,0.03399901463128404,0.002695405067999944,0.005923967155452656,0.0,0.0,0.0,0.05428164690844515,0.0,0.0,0.00950303066224556,0.0
0.0,0.0,0.0,0.0,0.0,0.0,0.0,0.0,0.0,0.0,0.0,0.0,0.0,0.0,0.0,0.0,0.0,0.0,0.0,0.0,0.0,0.0,0.0,0.0,0.0,0.0,0.0,0.0,0.0,0.0,0.0,0.0,0.0,0.0,0.0,0.0,0.0,0.0,0.0,0.0,0.0,0.0,0.0,0.0,0.0,0.0,0.0,0.0,0.0,0.0,0.0,0.0,0.0,0.0,0.0,0.0,0.0,0.0,0.0,0.0,0.0,0.0,0.0,0.0,0.01602665314003205,0.14023321445350198,0.5096475683920395,0.0,1.815651095803264,0.0,0.0,0.08234014442747722,0.0,0.0,0.1682798579703365,1.3836683812754382,0.0,0.0,0.07853060017744566,0.0,0.0,0.0,0.0,0.0,0.0,0.6267878331420272,0.0,0.0,1.4497200462147548,0.01121865761544521,0.0,0.0,0.0,0.0,0.0,0.0,0.026570504054825285,0.0,0.14227297066818936,0.0,0.0,0.0,0.0,0.0,0.0,0.0,0.1682798579703365,0.05048395770416803,0.0,0.0,0.0,1.0890110786737084,0.21876381463094763,0.0,0.12260389579075533,0.0,0.21635981739043267,0.040387165537200266,0.01602665314003205,0.036059969043293644,0.0,0.0,0.0,0.040387165537200266,0.6562914449363998,0.31251973518706805,0.0,0.0,0.1682798579703365,0.1682798579703365,0.025241978852084016,0.0,0.417093646977955,0.0,0.05048395770416803,0.0,0.0,0.0,0.0,0.0,0.0,0.0,0.0,0.0,0.0,0.0,0.0,0.0,0.028847975234634914,0.0,0.0,0.0,1.6721369957386094,0.4283487289046944,0.46877960382415895,0.20193582872955826,0.11779590026616849,0.0,0.02969644546279133,0.0,0.0,0.43592496478273757,0.0
0.0,0.0,0.0,0.0,0.0,0.0,0.0,0.0,0.0,0.0,0.0,0.0,0.0,0.0,0.0,0.0,0.0,0.0,0.0,0.0,0.0,0.0,0.0,0.0,0.0,0.0,0.0,0.0,0.0,0.0,0.0,0.0,0.0,0.0,0.0,0.0,0.0,0.0,0.0,0.0,0.0,0.0,0.0,0.0,0.0,0.0,0.0,0.0,0.0,0.0,0.0,0.0,0.0,0.0,0.0,0.0,0.0,0.0,0.0,0.0,0.0,0.0,0.0,0.0003665157115788,0.011674755235281015,0.05820818228047967,2.1351615692185395,0.01882805305385219,0.4891571367383707,0.00030434606345902,0.0,0.021157020552106658,0.000366136213108224,0.0030775234133566705,0.03380456303528115,0.6629338417120723,0.0,2.7016614924486e-05,0.11470043494551019,0.0,1.0356368348106e-05,0.0,0.0030775234133566705,0.00016140666126324,0.0,0.12695548575061152,4.740739525926e-06,2.071274168172e-06,0.33594672480289445,0.0059904440686166065,0.004547147758236868,0.0004576702663852801,0.00018260763807541197,0.0,0.016198758526068075,0.00022883513319264004,0.009008981861074336,0.00015217303172951,0.028580221442885353,2.071274168172e-06,0.0,0.0,4.256043425964e-06,0.0,0.0,0.005557360825983484,0.03380456303528115,0.01242056233085305,0.0,0.0,0.0,0.21876381463094763,0.26587337852760046,0.0,0.032025588850808306,0.0,0.045356508704646546,0.013094595488412533,0.0032194821938363,0.0072438348313152495,0.00923257031852412,0.0,0.001846514063704824,0.1852556724175685,0.15403929636943198,0.06314603878328323,0.0,0.0,0.08425862582395417,0.03381077685778566,0.0054699080948897956,0.004154656643335854,0.2312656053636566,0.0,0.040004286750462054,0.004234965895534326,0.002322984488757264,0.0,0.0,0.0,0.006787870074018017,0.02613097600136344,0.00027391145711311803,0.0,0.00461628515926206,0.00030434606345902,0.000392288791797656,0.000274602159831168,0.0057950678650522,0.00010984084164123201,0.001846514063704824,0.0,0.5786049380161143,0.20409627018517643,0.0947630210364297,0.0405654754746311,0.03785480286017471,0.007309118194982964,0.11244217243799202,0.000274602159831168,0.0,0.09908292204865744,0.0
0.0,0.0,0.0,0.0,0.0,0.0,0.0,0.0,0.0,0.0,0.0,0.0,0.0,0.0,0.0,0.0,0.0,0.0,0.0,0.0,0.0,0.0,0.0,0.0,0.0,0.0,0.0,0.0,0.0,0.0,0.0,0.0,0.0,0.0,0.0,0.0,0.0,0.0,0.0,0.0,0.0,0.0,0.0,0.0,0.0,0.0,0.0,0.0,0.0,0.0,0.0,0.0,0.0,0.0,0.0,0.0,0.0,0.0,0.0,0.0,0.0,0.0,0.0,0.0,0.0,0.0005183471177368901,0.06463878318819627,0.0,0.035778768031105114,0.0,0.0,0.0,0.0,0.0,0.0,0.027892012066964792,0.0,0.0,0.00287923993139877,0.0,0.0,0.0,0.0,0.0,0.0,0.0,0.0,0.0,0.0062942151073157905,0.0,0.015273289959451482,0.0,0.0,0.0,0.0025917356351578802,0.0,0.0028797062457953902,0.0028797062457953902,0.0,0.0,0.0,0.0,0.0,0.0,0.0,0.0,0.0,0.0,0.0,0.0,0.0017278237567719202,0.0,0.0,0.0021598071295930612,0.0,0.0,0.032035941024122654,0.00755922893587715,0.0,0.0,0.0,0.00099682138026325,0.0,0.03568765505912635,0.0,0.0,0.0,0.0,0.0021597796959649004,0.0,4.8008973504999996e-08,0.0040922141607756,0.007446097596339261,0.0,0.009934986601438541,0.0013640713869252001,0.0,0.0,0.0,0.0,0.0,0.0026781268137017903,0.0,0.0037024794721579103,0.0,0.0,0.0,0.0,0.0,0.0,0.0,0.0,0.04249876828910505,0.00336925633499993,0.0074049589443158205,0.0,0.0,0.0,0.06785205863555645,0.0,0.0,0.01187878832780695,0.0
0.0,0.0,0.0,0.0,0.0,0.0,0.0,0.0,0.0,0.0,0.0,0.0,0.0,0.0,0.0,0.0,0.0,0.0,0.0,0.0,0.0,0.0,0.0,0.0,0.0,0.0,0.0,0.0,0.0,0.0,0.0,0.0,0.0,0.0,0.0,0.0,0.0,0.0,0.0,0.0,0.0,0.0,0.0,0.0,0.0,0.0,0.0,0.0,0.0,0.0,0.0,0.0,0.0,0.0,0.0,0.0,0.0,0.0,0.0,0.0,0.0,0.0,0.0,0.0,0.009721254222787327,0.04531233836281864,0.05744224408103943,0.0,0.2480366456070676,7.189277232203e-05,0.0,0.01411718184526591,0.0,0.0032313995702950354,0.018945414398727135,0.5222341312221059,0.0,9.0055372243561e-05,0.04277367312305892,4.823311501967e-05,3.4521223672431004e-05,2.411655890819e-05,0.0032313995702950354,0.0,0.0,0.07087090770440077,0.0,6.9042463963220005e-06,0.16363771319646828,0.004024176959104899,0.0039495722896267975,0.0,4.3135663393217996e-05,0.0,0.013774499888659204,0.0,0.003268681945232268,3.5946386161015e-05,0.01601748670076684,6.9042463963220005e-06,0.0,0.0,1.4186809712514e-05,0.0,1.286216437814e-05,0.004939532965240996,0.018945414398727135,0.0072993241812000275,0.0,0.0,0.0,0.12260389579075533,0.032025588850808306,0.0,0.02088539705886781,0.0,0.02482665438277168,0.009480270136816753,0.0018043251808311559,0.00405973159812683,0.009694198793261919,0.0,0.001938839758652384,0.08337179724256545,0.07723236459722485,0.035184340908721,0.0,0.0,0.06773992585517186,0.0189661271379161,0.0029342457460420877,0.004362389456967863,0.1903919062628689,8.76965753055e-06,0.0057240640374594965,0.004443174419452776,0.001938839758652384,0.0,0.0,0.0,0.006987948845225373,3.827978336484e-06,6.470349508982701e-05,1.224952989414e-06,0.0048470993966309595,7.189277232203e-05,0.0,0.0,0.003247785278501464,0.0,0.001938839758652384,0.0,0.20748680343864076,0.048620445297992906,0.05295884272134966,0.02273449718448333,0.027318378294092817,0.007674574072124624,0.10188000653262763,0.0,0.0,0.059305762921166474,0.0
0.0,0.0,0.0,0.0,0.0,0.0,0.0,0.0,0.0,0.0,0.0,0.0,0.0,0.0,0.0,0.0,0.0,0.0,0.0,0.0,0.0,0.0,0.0,0.0,0.0,0.0,0.0,0.0,0.0,0.0,0.0,0.0,0.0,0.0,0.0,0.0,0.0,0.0,0.0,0.0,0.0,0.0,0.0,0.0,0.0,0.0,0.0,0.0,0.0,0.0,0.0,0.0,0.0,0.0,0.0,0.0,0.0,0.0,0.0,0.0,0.0,0.0,0.0,0.0,0.0,0.0006033158259310021,0.07130554373450765,0.0,0.0,0.0,0.0,0.0,0.0,0.0,0.0,0.00064353688288389,0.0,0.0,0.003280888946669433,0.0,0.0,0.0,0.0,0.0,0.0,0.0,0.0,0.0,0.001447957993579332,0.000268140374958867,0.000469245645542148,0.0,0.0,0.0,0.024418707629109457,0.0,0.00064353688288389,0.0,0.0,0.0,0.0024362467790211033,0.0,0.0,0.00064353688288389,0.0,0.0,0.00064353688288389,0.0,0.00064353688288389,0.0,0.0,0.0,0.0,0.0,0.0,0.00020110527058328102,0.003305439454217187,0.0,0.0,0.0,0.0,0.0,0.0,0.00619404251548389,0.000268140374958867,0.000402210555347721,0.0,0.0,0.0022523791042747742,0.0,0.0,0.0037426750473167195,0.001685453748989898,0.0,0.0,0.001149173013253323,0.0,0.0,0.0,0.0,0.00020110527058328102,0.000536280735736575,0.0,0.001149173013253323,0.000321768441441945,0.0,0.0,0.0,0.0,0.00064353688288389,0.0,0.0,0.011458996075199028,0.005028502501925784,0.00353329461665985,0.0,0.0,0.0,0.0,0.0,0.0,0.0,0.0009323971932649079
0.0,0.0,0.0,0.0,0.0,0.0,0.0,0.0,0.0,0.0,0.0,0.0,0.0,0.0,0.0,0.0,0.0,0.0,0.0,0.0,0.0,0.0,0.0,0.0,0.0,0.0,0.0,0.0,0.0,0.0,0.0,0.0,0.0,0.0,0.0,0.0,0.0,0.0,0.0,0.0,0.0,0.0,0.0,0.0,0.0,0.0,0.0,0.0,0.0,0.0,0.0,0.0,0.0,0.0,0.0,0.0,0.0,0.0,0.0,0.0,0.0,0.0,0.0,0.0,0.00330763622009967,0.04747001161266218,2.237831456821649,0.0,0.8914342341057316,0.00011502843277805001,0.000561080515054382,0.016358969124471705,4.9413173326848e-05,0.0,0.033433084432246525,0.7383406851520479,0.0,5.8731766862770006e-05,0.11285041583493928,0.000432490224434828,2.251384242867e-05,0.00021624512475599598,0.0,0.0,0.0,0.125064140285308,0.0,4.50276956954e-06,0.4060516295031744,0.00732685326463066,0.23437593181247166,6.176646665856001e-05,6.901705966683e-05,0.0,0.44375460902398856,3.0883233329280006e-05,0.0593516440135953,0.04277210201877295,0.028266153169766644,4.50276956954e-06,0.04004304148462159,0.0,9.25226757498e-06,0.01057740653319903,0.000115330729859576,0.000900690738669968,0.044010490965445556,0.010029925391872715,0.01057740653319903,0.0,0.02562875281929812,0.21635981739043267,0.045356508704646546,0.032035941024122654,0.02482665438277168,0.003305439454217187,0.5743242876640826,0.12114809135546388,0.0031841032792615737,0.007164232274673945,0.0,0.014785818669080126,0.0,0.6416370590066927,0.13672884246421058,0.06875030605311942,0.0,0.0,0.10300757652665128,0.03344659274095514,0.005162856401936018,0.12221564759899942,0.22361647812230284,7.863458854062e-05,0.15756241285408512,0.03912145199530572,0.0,0.0,0.0,0.0,0.0033701429447176422,0.05032534794431,0.00010352558950024501,0.07380954774776176,0.005369358594841481,0.00011502843277805001,5.2942684632912004e-05,3.7059879995136e-05,0.005731385819739156,0.010592230482188695,0.0,0.0,1.155591385734133,0.21846476826301775,0.2614883484857926,0.040119701152832477,0.02391714670875133,0.0,1.016545460267965,3.7059879995136e-05,0.0,0.26317098207072476,0.015325219775097315
0.0,0.0,0.0,0.0,0.0,0.0,0.0,0.0,0.0,0.0,0.0,0.0,0.0,0.0,0.0,0.0,0.0,0.0,0.0,0.0,0.0,0.0,0.0,0.0,0.0,0.0,0.0,0.0,0.0,0.0,0.0,0.0,0.0,0.0,0.0,0.0,0.0,0.0,0.0,0.0,0.0,0.0,0.0,0.0,0.0,0.0,0.0,0.0,0.0,0.0,0.0,0.0,0.0,0.0,0.0,0.0,0.0,0.0,0.0,0.0,0.0,0.0,0.0,0.0,0.006249315255616362,0.02953517417984895,0.254207627792367,0.0,0.2237210171881174,2.8757106970679997e-05,0.000897728809569053,0.006515888062899244,0.0,0.00230814255021074,0.00624084236930051,0.4376668008136785,0.0,0.0,0.038085553303584076,0.0,0.0,0.0,0.00230814255021074,0.0,0.0,0.02324511152323621,0.0,0.0,0.07595170499830427,0.002227272186184583,0.05625504304883998,0.0,1.7254264182407996e-05,0.0,0.01859216282357768,0.0,0.011175288304747632,0.010093350413769204,0.005276348542609299,0.0,0.0,0.0,0.0,0.0,0.0,0.004703640112462649,0.00624084236930051,0.003026324026926248,0.0,0.0,0.00604738314870172,0.040387165537200266,0.013094595488412533,0.00755922893587715,0.009480270136816753,0.0,0.12114809135546388,0.03283131056833993,0.0005943659399333819,0.0013373233454993848,0.006924427709472801,0.003488874830921375,0.00138488554189456,0.1832772569171189,0.02898475929626746,0.0115901357899995,0.0,0.0,0.048551616839784116,0.00624084236930051,0.0009730997861267099,0.01743874203197736,0.144691369262538,0.0,0.03678993022247238,0.007947945868133039,0.00138488554189456,0.0,0.0,0.0,0.004978682416672408,0.012218656432056845,2.5881396273612e-05,0.012958678152552685,0.0035912623778365893,2.8757106970679997e-05,0.0,0.0,0.001069858676399508,0.0,0.00138488554189456,0.0,0.22865297960391998,0.027819909195485545,0.04335802016619569,0.0074890108121994535,0.015097268603136009,0.00548183862294616,0.3086496571990829,0.0,0.0,0.0650293376571746,0.0
0.0,0.0,0.0,0.0,0.0,0.0,0.0,0.0,0.0,0.0,0.0,0.0,0.0,0.0,0.0,0.0,0.0,0.0,0.0,0.0,0.0,0.0,0.0,0.0,0.0,0.0,0.0,0.0,0.0,0.0,0.0,0.0,0.0,0.0,0.0,0.0,0.0,0.0,0.0,0.0,0.0,0.0,0.0,0.0,0.0,0.0,0.0,0.0,0.0,0.0,0.0,0.0,0.0,0.0,0.0,0.0,0.0,0.0,0.0,0.0,0.0,0.0,0.0,0.0,0.00023585950216752397,0.002063770636286976,0.007500332147426458,0.0,0.026720398814672346,0.0,0.0,0.0012117754907016078,0.0,0.0,0.0024765247727590017,0.020363037293007515,0.0,0.0,0.001155711557549324,0.0,0.0,0.0,0.0,0.0,0.0,0.009224250690262583,0.0,0.0,0.021335100060810835,0.000165101657660354,0.0,0.0,0.0,0.0,0.0,0.0,0.00039103022970264,0.0,0.002093789123686418,0.0,0.0,0.0,0.0,0.0,0.0,0.0,0.0024765247727590017,0.000742957436435016,0.0,0.0,0.0,0.01602665314003205,0.0032194821938363,0.0,0.0018043251808311559,0.0,0.0031841032792615737,0.0005943659399333819,0.00023585950216752397,0.00053068387219807,0.0,0.0,0.0,0.0005943659399333819,0.009658446596866618,0.004599260276909,0.0,0.0,0.0024765247727590017,0.0024765247727590017,0.000371478718217508,0.0,0.00613824352931998,0.0,0.000742957436435016,0.0,0.0,0.0,0.0,0.0,0.0,0.0,0.0,0.0,0.0,0.0,0.0,0.0,0.00042454709775845595,0.0,0.0,0.0,0.02460834435766786,0.006303881232769406,0.006898890430721218,0.0029718297150246277,0.001733567336323986,0.0,0.00043703378252466397,0.0,0.0,0.006415378449742022,0.0
0.0,0.0,0.0,0.0,0.0,0.0,0.0,0.0,0.0,0.0,0.0,0.0,0.0,0.0,0.0,0.0,0.0,0.0,0.0,0.0,0.0,0.0,0.0,0.0,0.0,0.0,0.0,0.0,0.0,0.0,0.0,0.0,0.0,0.0,0.0,0.0,0.0,0.0,0.0,0.0,0.0,0.0,0.0,0.0,0.0,0.0,0.0,0.0,0.0,0.0,0.0,0.0,0.0,0.0,0.0,0.0,0.0,0.0,0.0,0.0,0.0,0.0,0.0,0.0,0.00053068387219807,0.00464348386445568,0.016875747087521816,0.0,0.06012089646307889,0.0,0.0,0.0027264948146269396,0.0,0.0,0.005572180658079734,0.04581683324630913,0.0,0.0,0.00260035096685957,0.0,0.0,0.0,0.0,0.0,0.0,0.020754563752777618,0.0,0.0,0.048003974442219224,0.000371478724360595,0.0,0.0,0.0,0.0,0.0,0.0,0.0008798180041002,0.0,0.004711025460127115,0.0,0.0,0.0,0.0,0.0,0.0,0.0,0.005572180658079734,0.0016716542077903798,0.0,0.0,0.0,0.036059969043293644,0.0072438348313152495,0.0,0.00405973159812683,0.0,0.007164232274673945,0.0013373233454993848,0.00053068387219807,0.0011940386951682248,0.0,0.0,0.0,0.0013373233454993848,0.021731504528500614,0.0103483354733075,0.0,0.0,0.005572180658079734,0.005572180658079734,0.0008358271038951899,0.0,0.013811047741127649,0.0,0.0016716542077903798,0.0,0.0,0.0,0.0,0.0,0.0,0.0,0.0,0.0,0.0,0.0,0.0,0.0,0.0009552309561345799,0.0,0.0,0.0,0.05536877400358078,0.014183732568496204,0.015522503244516112,0.006686616762051789,0.0039005264502893545,0.0,0.0009833259964520198,0.0,0.0,0.014434601303054583,0.0
0.0,0.0,0.0,0.0,0.0,0.0,0.0,0.0,0.0,0.0,0.0,0.0,0.0,0.0,0.0,0.0,0.0,0.0,0.0,0.0,0.0,0.0,0.0,0.0,0.0,0.0,0.0,0.0,0.0,0.0,0.0,0.0,0.0,0.0,0.0,0.0,0.0,0.0,0.0,0.0,0.0,0.0,0.0,0.0,0.0,0.0,0.0,0.0,0.0,0.0,0.0,0.0,0.0,0.0,0.0,0.0,0.0,0.0,0.0,0.0,0.0,0.0,0.0,0.0,0.01130989863136596,0.041777380553046285,0.0,0.0,0.0623198493852552,0.0,0.0,0.006924427709472801,0.0,0.00461628510042148,0.0,0.5156390500595142,0.0,0.0,0.048470993966309606,0.0,0.0,0.0,0.00461628510042148,0.0,0.0,0.0,0.0,0.0,0.0,0.0034622138547364006,0.00553954216757824,0.0,0.0,0.0,0.0190421762010502,0.0,0.0,0.0,0.0,0.0,0.0,0.0,0.0,0.0,0.0,0.006924427709472801,0.0,0.00230814260905132,0.0,0.0,0.0,0.0,0.00923257031852412,0.0,0.009694198793261919,0.0,0.0,0.006924427709472801,0.0,0.0,0.013848855418945602,0.0,0.00276977108378912,0.11171410041872157,0.00461628510042148,0.0,0.0,0.0,0.069244277094728,0.0,0.0,0.006231984938525521,0.2042706174294476,0.0,0.0,0.006347392027789681,0.00276977108378912,0.0,0.0,0.0,0.0099250130894714,0.0,0.0,0.0,0.006924427709472801,0.0,0.0,0.0,0.0,0.0,0.00276977108378912,0.0,0.026543639592206122,0.0,0.0,0.0,0.02008084035747112,0.01096367724589232,0.13987343973135058,0.0,0.0,0.014541298189892882,0.0
0.0,0.0,0.0,0.0,0.0,0.0,0.0,0.0,0.0,0.0,0.0,0.0,0.0,0.0,0.0,0.0,0.0,0.0,0.0,0.0,0.0,0.0,0.0,0.0,0.0,0.0,0.0,0.0,0.0,0.0,0.0,0.0,0.0,0.0,0.0,0.0,0.0,0.0,0.0,0.0,0.0,0.0,0.0,0.0,0.0,0.0,0.0,0.0,0.0,0.0,0.0,0.0,0.0,0.0,0.0,0.0,0.0,0.0,0.0,0.0,0.0,0.0,0.0,0.0,0.0,0.000239237126973325,0.02983307474359915,0.0,0.016513277256711676,0.0,0.0,0.0,0.0,0.0,0.0,0.012873236107764075,0.0,0.0,0.001328879944509225,0.0,0.0,0.0,0.0,0.0,0.0,0.0,0.0,0.0,0.002905022305131575,0.0,0.0070492106241139005,0.0,0.0,0.0,0.0011961856563159,0.0,0.0013290951665345752,0.0013290951665345752,0.0,0.0,0.0,0.0,0.0,0.0,0.0,0.0,0.0,0.0,0.0,0.0,0.0007974571042106,0.0,0.0,0.00099682138026325,0.0,0.0,0.014785818669080126,0.003488874830921375,0.0,0.0,0.0,0.00046007139802562504,0.0,0.01647122511655245,0.0,0.0,0.0,0.0,0.00099682138026325,0.0,0.0,0.0018887141941829999,0.00343666036745555,0.0,0.00458537834921095,0.000629571398061,0.0,0.0,0.0,0.0,0.0,0.001236058507236575,0.0,0.001708836648815675,0.0,0.0,0.0,0.0,0.0,0.0,0.0,0.0,0.019614815781712126,0.001555041357500525,0.00341767329763135,0.0,0.0,0.0,0.0313163341933267,0.0,0.0,0.005482517591447875,0.0
0.0,0.0,0.0,0.0,0.0,0.0,0.0,0.0,0.0,0.0,0.0,0.0,0.0,0.0,0.0,0.0,0.0,0.0,0.0,0.0,0.0,0.0,0.0,0.0,0.0,0.0,0.0,0.0,0.0,0.0,0.0,0.0,0.0,0.0,0.0,0.0,0.0,0.0,0.0,0.0,0.0,0.0,0.0,0.0,0.0,0.0,0.0,0.0,0.0,0.0,0.0,0.0,0.0,0.0,0.0,0.0,0.0,0.0,0.0,0.0,0.0,0.0,0.0,0.0,0.002261979726273192,0.008355476110609257,0.0,0.0,0.01246396987705104,0.0,0.0,0.00138488554189456,0.0,0.000923257020084296,0.0,0.10312781001190283,0.0,0.0,0.00969419879326192,0.0,0.0,0.0,0.000923257020084296,0.0,0.0,0.0,0.0,0.0,0.0,0.00069244277094728,0.001107908433515648,0.0,0.0,0.0,0.00380843524021004,0.0,0.0,0.0,0.0,0.0,0.0,0.0,0.0,0.0,0.0,0.00138488554189456,0.0,0.000461628521810264,0.0,0.0,0.0,0.0,0.001846514063704824,0.0,0.001938839758652384,0.0,0.0,0.00138488554189456,0.0,0.0,0.00276977108378912,0.0,0.000553954216757824,0.022342820083744313,0.000923257020084296,0.0,0.0,0.0,0.0138488554189456,0.0,0.0,0.001246396987705104,0.04085412348588952,0.0,0.0,0.001269478405557936,0.000553954216757824,0.0,0.0,0.0,0.00198500261789428,0.0,0.0,0.0,0.00138488554189456,0.0,0.0,0.0,0.0,0.0,0.000553954216757824,0.0,0.005308727918441224,0.0,0.0,0.0,0.004016168071494224,0.0021927354491784643,0.027974687946270112,0.0,0.0,0.002908259637978576,0.0
0.0,0.0,0.0,0.0,0.0,0.0,0.0,0.0,0.0,0.0,0.0,0.0,0.0,0.0,0.0,0.0,0.0,0.0,0.0,0.0,0.0,0.0,0.0,0.0,0.0,0.0,0.0,0.0,0.0,0.0,0.0,0.0,0.0,0.0,0.0,0.0,0.0,0.0,0.0,0.0,0.0,0.0,0.0,0.0,0.0,0.0,0.0,0.0,0.0,0.0,0.0,0.0,0.0,0.0,0.0,0.0,0.0,0.0,0.0,0.0,0.0,0.0,0.0,0.00035429852119284,0.09353419297213061,0.3759138046709596,4.275985548544981,0.008965739553389144,1.2321875121149113,0.00012940698626338998,0.000561080515054382,0.058910724417523624,0.000127049965422144,0.03723803315647562,0.00624084236930051,4.804940013364166,0.000164704892968704,0.000153094129562636,0.5888064234397702,0.000736511945147378,5.8686078996756e-05,0.000368255993926346,0.03723803315647562,0.0,5.7362704300000006e-08,0.024416362370084297,0.0,1.1737218624472e-05,0.23463198867172963,0.04140698385624659,0.3138714053473172,0.00015881245677768,8.0921615347236e-05,5.679479652594e-05,0.9597843913886239,7.940622838884e-05,0.0697556555849695,0.04764824331599507,0.005276348542609299,1.1737218624472e-05,0.07503640299282108,0.001694770014568368,2.4117575999064e-05,0.019820936573684098,0.000196403191066676,0.057309231894235244,0.027968395245026197,0.021129007113432855,0.019820936573684098,0.004814948242989648,0.028550124047301072,0.040387165537200266,0.1852556724175685,0.03568765505912635,0.08337179724256545,0.00619404251548389,0.6416370590066927,0.1832772569171189,0.0005943659399333819,0.0013373233454993848,0.11171410041872157,0.01647122511655245,0.022342820083744313,1.7568960047918618,0.11453811247753377,0.02410695813207392,0.0,5.8891887869e-07,0.6733844601158825,0.006276054025173927,0.002611378687439703,0.23316445487281176,1.8498833772042993,0.00013391126663637,0.18322163446693623,0.10927017842230596,0.022803408161295002,0.0,0.000278810789506788,5.218385530137999e-06,0.08771298235740353,0.08445779086054922,0.00011646628763705101,0.09665717600914646,0.07067905473924192,0.00012940698626338998,0.00013612496018976098,9.528747406660799e-05,0.001069858676399508,0.01985905155557564,0.022342820083744313,5.8891887869e-07,1.4470929577600602,0.28413298223392486,0.2492038576121376,0.0074890108121994535,0.17169234107026266,0.08852210482252981,2.2644102721246977,9.528747406660799e-05,0.001089494999179044,0.3352088776399361,0.02871783439414652
0.0,0.0,0.0,0.0,0.0,0.0,0.0,0.0,0.0,0.0,0.0,0.0,0.0,0.0,0.0,0.0,0.0,0.0,0.0,0.0,0.0,0.0,0.0,0.0,0.0,0.0,0.0,0.0,0.0,0.0,0.0,0.0,0.0,0.0,0.0,0.0,0.0,0.0,0.0,0.0,0.0,0.0,0.0,0.0,0.0,0.0,0.0,0.0,0.0,0.0,0.0,0.0,0.0,0.0,0.0,0.0,0.0,0.0,0.0,0.0,0.0,0.0,0.0,0.0,0.022840033933280386,0.6966842458854063,0.7254948756929992,0.00149428991178984,1.1288450325483013,3.594638371335e-05,0.001496214698746153,0.051930348807647894,0.000258252608523264,0.0015387616870648087,0.10141368926709948,1.3120159376776939,0.0,0.0,0.10988785713035999,1.6077710755349e-05,0.0,8.038855843793001e-06,0.0015387616870648087,0.0,0.0,0.37842355395956323,0.0,0.0,0.8797837692210356,0.0287347912876934,0.09018260036315397,0.00032281576065408004,2.4938893643155996e-05,0.0,0.03931400530435928,0.00016140788032704002,0.018770997495136874,1.7973191856675e-05,0.0857406644649907,0.0,0.0032483385438365213,0.010710983181486666,0.0,0.0008580492225582299,4.287389659058e-06,0.004361836751721627,0.11432159479415273,0.03119348783194534,0.0008580492225582299,0.0,0.0,0.6562914449363998,0.15403929636943198,0.0,0.07723236459722485,0.000268140374958867,0.13672884246421058,0.02898475929626746,0.009658446596866618,0.021731504528500614,0.00461628510042148,0.0,0.000923257020084296,0.11453811247753377,1.2889182569629045,0.5291938359030322,0.0,0.0,0.12766004580112197,0.10141368926709948,0.01525884528645248,0.007067561955530799,0.5877673864139643,2.923220222085e-06,0.04273767832234662,0.003650498249792705,0.000923257020084296,0.0,0.0,0.0,0.003900408743176266,0.027554670760412125,3.2351745342015004e-05,0.001537586252369921,0.002952918508038444,3.594638371335e-05,0.000276699217802416,0.00019368945639244799,0.017385203622800494,0.000935524989392182,0.000923257020084296,0.0,1.1506076025093588,0.2856324263159368,0.2872976129393141,0.12169642661740054,0.1914874944692227,0.003658720601293256,0.0725095534486997,0.00019368945639244799,0.006885631980863569,0.4633998684278546,0.001243196323435556
0.0,0.0,0.0,0.0,0.0,0.0,0.0,0.0,0.0,0.0,0.0,0.0,0.0,0.0,0.0,0.0,0.0,0.0,0.0,0.0,0.0,0.0,0.0,0.0,0.0,0.0,0.0,0.0,0.0,0.0,0.0,0.0,0.0,0.0,0.0,0.0,0.0,0.0,0.0,0.0,0.0,0.0,0.0,0.0,0.0,0.0,0.0,0.0,0.0,0.0,0.0,0.0,0.0,0.0,0.0,0.0,0.0,0.0,0.0,0.0,0.0,0.0,0.0,0.0,0.004708861019189594,0.32815402836186847,0.32030665598798097,0.0,0.521047775146243,0.0,0.0,0.023629621989778,4.3165530722304006e-05,0.0,0.048292232907544495,0.48390848313839946,0.0,0.0,0.029160565000339138,0.0,0.0,0.0,0.0,0.0,0.0,0.1799861973842101,0.0,0.0,0.4190952778999259,0.0037557630824524473,0.04452282650168624,5.395691340288001e-05,2.313474851177e-06,0.0,0.0488805825108532,2.6978456701440004e-05,0.009206606884268033,0.0,0.0408288877755505,0.0,0.004872493729836823,0.0,0.0,0.00128707381114749,0.0,0.0,0.049579306718691984,0.014487669962105999,0.00128707381114749,0.0,0.0,0.31251973518706805,0.06314603878328323,0.0,0.035184340908721,0.000402210555347721,0.06875030605311942,0.0115901357899995,0.004599260276909,0.0103483354733075,0.0,0.0,0.0,0.02410695813207392,0.5291938359030322,0.2603368788769185,0.0,0.0,0.05279699127492303,0.048292232907544495,0.007244037409816033,0.00748535035855228,0.254116759984977,0.0,0.014506713581306448,0.002298346107541843,0.0,0.0,0.0,0.0,0.000402210555347721,0.001072561509289575,0.0,0.002298346107541843,0.000643536905573745,0.0,4.6248781978176e-05,3.2374148041728e-05,0.008278668378646,0.0013000234677361618,0.0,0.0,0.5466408862538253,0.13310678989437214,0.14159495243232434,0.057950679249472996,0.08991262391436734,0.0,0.009658145114043361,3.2374148041728e-05,0.0,0.20984446217660876,0.0018647944522788278
0.0,0.0,0.0,0.0,0.0,0.0,0.0,0.0,0.0,0.0,0.0,0.0,0.0,0.0,0.0,0.0,0.0,0.0,0.0,0.0,0.0,0.0,0.0,0.0,0.0,0.0,0.0,0.0,0.0,0.0,0.0,0.0,0.0,0.0,0.0,0.0,0.0,0.0,0.0,0.0,0.0,0.0,0.0,0.0,0.0,0.0,0.0,0.0,0.0,0.0,0.0,0.0,0.0,0.0,0.0,0.0,0.0,0.0,0.0,0.0,0.0,0.0,0.0,0.0,0.0,0.0,0.0,0.0,9.88027637051e-07,0.0,0.0,0.0,0.0,0.0,0.0,3.972725035804e-06,0.0,0.0,0.0,0.0,0.0,0.0,0.0,0.0,0.0,0.0,0.0,0.0,0.0,0.0,0.0,0.0,0.0,0.0,0.0,0.0,0.0,0.0,0.0,0.0,0.0,0.0,0.0,0.0,0.0,0.0,0.0,0.0,0.0,0.0,0.0,0.0,0.0,0.0,0.0,0.0,0.0,0.0,0.0,0.0,0.0,0.0,0.0,0.0,0.0,0.0,1.6467120520900001e-07,0.0,0.0,0.0,0.0,0.0,0.0,0.0,0.0,0.0,0.0,0.0,0.0,0.0,0.0,0.0,0.0,0.0,0.0,0.0,0.0,0.0,0.0,0.0,0.0,0.0,2.1956174221100002e-07,0.0,0.0,0.0,0.0,0.0,0.0,0.0,0.0,2.53340284491e-07,0.0
0.0,0.0,0.0,0.0,0.0,0.0,0.0,0.0,0.0,0.0,0.0,0.0,0.0,0.0,0.0,0.0,0.0,0.0,0.0,0.0,0.0,0.0,0.0,0.0,0.0,0.0,0.0,0.0,0.0,0.0,0.0,0.0,0.0,0.0,0.0,0.0,0.0,0.0,0.0,0.0,0.0,0.0,0.0,0.0,0.0,0.0,0.0,0.0,0.0,0.0,0.0,0.0,0.0,0.0,0.0,0.0,0.0,0.0,0.0,0.0,0.0,0.0,0.0,0.0,0.0,2.8219039590299995e-06,4.1376472242619993e-05,0.0,0.0,0.0,0.0,0.0,0.0,0.0,0.0,0.0,0.0,0.0,0.0,0.0,0.0,0.0,0.0,0.0,0.0,0.0,0.0,0.0,1.0993157619599997e-06,0.0,0.0,0.0,0.0,0.0,0.0,0.0,0.0,0.0,0.0,0.0,0.0,0.0,0.0,0.0,0.0,6.3799573724e-07,0.0,0.0,0.0,0.0,0.0,0.0,0.0,0.0,0.0,0.0,0.0,0.0,0.0,0.0,0.0,0.0,0.0,5.8891887869e-07,0.0,0.0,0.0,2.3924815689999994e-07,0.0,0.0,0.0,0.0,6.3799573724e-07,0.0,0.0,0.0,0.0,0.0,0.0,0.0,0.0,5.1039639414e-07,0.0,0.0,0.0,0.0,0.0,0.0,0.0,0.0,0.0,2.3924815689999994e-07,3.95066534699e-06,0.0,0.0,0.0,5.8891887869e-07,0.0,2.254087713756e-05,0.0,0.0,0.0,0.0
0.0,0.0,0.0,0.0,0.0,0.0,0.0,0.0,0.0,0.0,0.0,0.0,0.0,0.0,0.0,0.0,0.0,0.0,0.0,0.0,0.0,0.0,0.0,0.0,0.0,0.0,0.0,0.0,0.0,0.0,0.0,0.0,0.0,0.0,0.0,0.0,0.0,0.0,0.0,0.0,0.0,0.0,0.0,0.0,0.0,0.0,0.0,0.0,0.0,0.0,0.0,0.0,0.0,0.0,0.0,0.0,0.0,0.0,0.0,0.0,0.0,0.0,0.0,0.00097388461610538,0.0590260179295888,0.24018832972888082,0.9603670164648699,0.0,0.6279422025114407,0.00010783915603537999,0.0,0.04734578119973088,0.0,0.023081425502107396,0.02600351011396952,2.8467728431321886,0.00013176390854694402,0.0,0.29898456169159704,0.0,0.0,0.0,0.023081425502107396,0.0,0.0,0.09685463224775713,0.0,0.0,0.24911512004812042,0.02380904498495693,0.049795218279672926,0.0,6.470349362122799e-05,4.543583521109e-05,0.37947368893334077,0.0,0.014609088031251338,0.0029336258238130803,0.021984785798707388,0.0,0.027285964818368365,0.0,0.0,0.00720761332427406,0.0,0.036221615821290125,0.033211123438243575,0.02109475843681395,0.00720761332427406,0.0,0.0017278237567719202,0.1682798579703365,0.08425862582395417,0.0021597796959649004,0.06773992585517186,0.0022523791042747742,0.10300757652665128,0.048551616839784116,0.0024765247727590017,0.005572180658079734,0.069244277094728,0.00099682138026325,0.0138488554189456,0.6733844601158825,0.12766004580112197,0.05279699127492303,0.0,0.0,0.40794254156766296,0.02600351011396952,0.004040235092057181,0.07717010075572843,1.1122664747579203,0.0,0.017796699206522486,0.04603992344398874,0.015114905419882594,0.0,0.00022304862173981802,1.4109353086419998e-06,0.051989219385369226,0.018893482824653363,9.705524043184201e-05,0.016573217641978152,0.038226692175252666,0.00010783915603537999,0.0,0.0,0.004457744526463788,0.00720761332427406,0.0138488554189456,0.0,0.5730856030410967,0.12641073215930465,0.11962418499373258,0.03120421200775859,0.11909360112681015,0.0548183862294616,0.7756950035714654,0.0,0.0,0.15200741252207886,0.010442848906461832
0.0,0.0,0.0,0.0,0.0,0.0,0.0,0.0,0.0,0.0,0.0,0.0,0.0,0.0,0.0,0.0,0.0,0.0,0.0,0.0,0.0,0.0,0.0,0.0,0.0,0.0,0.0,0.0,0.0,0.0,0.0,0.0,0.0,0.0,0.0,0.0,0.0,0.0,0.0,0.0,0.0,0.0,0.0,0.0,0.0,0.0,0.0,0.0,0.0,0.0,0.0,0.0,0.0,0.0,0.0,0.0,0.0,0.0,0.0,0.0,0.0,0.0,0.0,0.0,0.0024765247727590017,0.021669591681013248,0.07875348754797781,0.0,0.28056418755405965,0.0,0.0,0.012723642652366883,0.0,0.0,0.02600351011396952,0.2143556009684487,0.0,2.7016614924486e-05,0.012134971354267901,0.0,1.0356368348106e-05,0.0,0.0,0.0,0.0,0.09693748320202024,0.0,2.071274168172e-06,0.22401855063851375,0.0017646365129707889,0.0,0.0,0.0,0.0,2.071274168172e-06,0.0,0.00410581741187772,0.0,0.021984785798707388,2.071274168172e-06,0.0,0.0,4.256043425964e-06,0.0,0.0,0.0,0.02600351011396952,0.007801053082567668,0.0,0.0,0.0,0.1682798579703365,0.03381077685778566,0.0,0.0189661271379161,0.0,0.03344659274095514,0.00624084236930051,0.0024765247727590017,0.005572180658079734,0.0,0.0,0.0,0.006276054025173927,0.10141368926709948,0.048292232907544495,0.0,0.0,0.02600351011396952,0.026009723936474032,0.003900526541283834,0.0,0.06450712782086872,0.0,0.007801053082567668,0.0,0.0,0.0,0.0,0.0,0.0,0.0,0.0,0.0,0.0,0.0,0.0,0.0,0.004457744526463788,0.0,0.0,0.0,0.2584220187644811,0.06620318058659504,0.0724445633450773,0.03120421200775859,0.01820245703140185,0.0,0.004592643632791859,0.0,0.0,0.06736147372229123,0.0
0.0,0.0,0.0,0.0,0.0,0.0,0.0,0.0,0.0,0.0,0.0,0.0,0.0,0.0,0.0,0.0,0.0,0.0,0.0,0.0,0.0,0.0,0.0,0.0,0.0,0.0,0.0,0.0,0.0,0.0,0.0,0.0,0.0,0.0,0.0,0.0,0.0,0.0,0.0,0.0,0.0,0.0,0.0,0.0,0.0,0.0,0.0,0.0,0.0,0.0,0.0,0.0,0.0,0.0,0.0,0.0,0.0,0.0,0.0,0.0,0.0,0.0,0.0,0.0,0.00037176549237576595,0.0033396378320171543,0.012549609314238161,0.0,0.042084628394089114,3.0811187438679995e-05,0.0,0.0019085464096905357,0.0,0.0,0.003900526541283834,0.037235195599837574,0.0,0.0,0.003236633806404489,0.0,0.0,0.0,0.0,0.0,0.0,0.014528194927257527,0.0,0.0,0.03644909054829709,0.000345866279233654,3.1345528695494995e-05,0.0,1.8880002700288996e-05,0.0,0.00035123707760421994,0.0,0.000734715772544928,1.5405593719339997e-05,0.003297717890256306,0.0,0.0,0.0,0.0,0.0,0.0,3.9614385648015994e-05,0.003900526541283834,0.0011701579696416719,0.0,0.001099064293483932,0.0,0.025241978852084016,0.0054699080948897956,4.8008973504999996e-08,0.0029342457460420877,0.0,0.005162856401936018,0.0009730997861267099,0.000371478718217508,0.0008358271038951899,0.0,0.0,0.0,0.002611378687439703,0.01525884528645248,0.007244037409816033,0.0,0.0,0.004040235092057181,0.003900526541283834,0.000970471497669193,0.0,0.010512389749634206,0.0,0.0015309468581360607,0.0,0.0,0.0,0.0,1.6460909465019998e-06,1.7331292147508e-05,0.001030372770508034,2.7730068694812002e-05,0.0,0.001099935753396786,3.0811187438679995e-05,0.0,0.0,0.0006686616831161519,0.0,0.0,0.0,0.03929530139587004,0.010080468150264362,0.01092517407423993,0.004680631830189875,0.003760741342150196,0.0,0.000827207980802449,0.0,0.0,0.010121596442819594,0.0
0.0,0.0,0.0,0.0,0.0,0.0,0.0,0.0,0.0,0.0,0.0,0.0,0.0,0.0,0.0,0.0,0.0,0.0,0.0,0.0,0.0,0.0,0.0,0.0,0.0,0.0,0.0,0.0,0.0,0.0,0.0,0.0,0.0,0.0,0.0,0.0,0.0,0.0,0.0,0.0,0.0,0.0,0.0,0.0,0.0,0.0,0.0,0.0,0.0,0.0,0.0,0.0,0.0,0.0,0.0,0.0,0.0,0.0,0.0,0.0,0.0,0.0,0.0,0.0,0.005089454384114682,0.031009978035714987,1.4495063644033148,0.0,0.09583528217703767,0.0,0.0,0.0031159924692627603,0.0,0.002077328295189666,0.0,0.29686215585862025,0.0,0.0,0.08832642124815177,0.0,0.0,0.0,0.002077328295189666,0.0,0.0,0.0,0.0,0.0,0.038873142441187426,0.006548229894972514,0.040164567869397184,0.0,0.0,0.0,0.4679246514046938,0.0,0.01743284598646527,0.0054562855183491596,0.0,0.0,0.0453398362086789,0.0,0.0,0.011976560468116109,0.0,0.0031159924692627603,0.011976560468116109,0.001038664174073094,0.011976560468116109,0.0,0.0032737713286204798,0.0,0.004154656643335854,0.0040922141607756,0.004362389456967863,0.0037426750473167195,0.12221564759899942,0.01743874203197736,0.0,0.0,0.006231984938525521,0.0018887141941829999,0.001246396987705104,0.23316445487281176,0.007067561955530799,0.00748535035855228,0.0,0.0,0.07717010075572843,0.0,0.0,0.08021121679332617,0.13739735561815697,0.0,0.01882418513956776,0.026827597997020836,0.001246396987705104,0.0,0.0,0.0,0.00820893093757885,0.015054812598514185,0.0,0.028401939535482718,0.009104272703320815,0.0,0.0,0.0,0.0,0.011976560468116109,0.001246396987705104,0.0,0.30572657450795593,0.09996693517209514,0.07978692302441223,0.0,0.009036378160862004,0.004933654760651544,0.1915048431885831,0.0,0.0,0.02905076206971759,0.01735240304393509
0.0,0.0,0.0,0.0,0.0,0.0,0.0,0.0,0.0,0.0,0.0,0.0,0.0,0.0,0.0,0.0,0.0,0.0,0.0,0.0,0.0,0.0,0.0,0.0,0.0,0.0,0.0,0.0,0.0,0.0,0.0,0.0,0.0,0.0,0.0,0.0,0.0,0.0,0.0,0.0,0.0,0.0,0.0,0.0,0.0,0.0,0.0,0.0,0.0,0.0,0.0,0.0,0.0,0.0,0.0,0.0,0.0,0.0,0.0,0.0,0.0,0.0,0.0,0.0,0.1737146452084488,0.9297957246939604,1.1850218750278372,0.00074714495589492,1.7414657399098916,3.0811187438679995e-05,0.000645242594732199,0.13367176578527495,0.000302158728196224,0.06809020523121682,0.06445155705785978,8.584560139451655,0.0,0.00024161197140422103,0.8033157228804084,0.0009121417188051531,9.261791605529101e-05,0.000456070885847021,0.06809020523121682,7.061542915774e-05,0.0,0.24765520293376153,0.0,1.8523587669642003e-05,0.5997163722263963,0.058613894917693345,0.19844943618543984,0.00037769841024528,1.8486712463207997e-05,0.0,0.5038412362178394,0.00018884920512264,0.02767809250049717,0.009943535668764127,0.05449086181442111,1.8523587669642003e-05,0.020418073547098774,0.0,3.8062171941354007e-05,0.00539345213938962,0.000243237798733226,0.1221673664359649,0.0698450091972494,0.053473969474118324,0.00539345213938962,0.0025644833316943922,0.005956878077071408,0.417093646977955,0.2312656053636566,0.007446097596339261,0.1903919062628689,0.001685453748989898,0.22361647812230284,0.144691369262538,0.00613824352931998,0.013811047741127649,0.2042706174294476,0.00343666036745555,0.04085412348588952,1.8498833772042993,0.5877673864139643,0.254116759984977,0.0,6.3799573724e-07,1.1122664747579203,0.06450712782086872,0.010512389749634206,0.13739735561815697,3.333188024241851,0.000165843953681745,0.056061681098474765,0.10804947954344546,0.041018794780373874,0.0,0.0,0.0,0.14809672811084057,0.02543447971701263,2.7730068694812002e-05,0.022402087967026876,0.1074892717439391,3.0811187438679995e-05,0.00032374148792590595,0.000226619046147168,0.01104883819290212,0.005484099739452352,0.04085412348588952,6.3799573724e-07,1.3450924661615598,0.22359664360565706,0.23523482549719046,0.07734186814968405,0.38786835734723507,0.16171423937691173,2.3253892840099026,0.000226619046147168,0.0,0.5785218008122202,0.007814376721097464
0.0,0.0,0.0,0.0,0.0,0.0,0.0,0.0,0.0,0.0,0.0,0.0,0.0,0.0,0.0,0.0,0.0,0.0,0.0,0.0,0.0,0.0,0.0,0.0,0.0,0.0,0.0,0.0,0.0,0.0,0.0,0.0,0.0,0.0,0.0,0.0,0.0,0.0,0.0,0.0,0.0,0.0,0.0,0.0,0.0,0.0,0.0,0.0,0.0,0.0,0.0,0.0,0.0,0.0,0.0,0.0,0.0,0.0,0.0,0.0,0.0,0.0,0.0,0.0,0.0,8.0136061301475e-05,0.0,0.0,0.0,0.0,0.0,0.0,0.0,0.0,0.0,0.001505100197705985,0.0,0.0,0.0,5.4079550590785e-05,0.0,2.7039776863244998e-05,0.0,0.0,0.0,2.7039776863244998e-05,0.0,0.0,0.0,3.785568572712e-05,0.0,0.0,0.0,0.0,0.00048705165448725,0.0,0.0,0.0,0.0,0.0,0.0,0.0,0.0,0.0,1.442121390897e-05,0.0,0.0,0.0,0.0,0.0,0.0,0.0,0.0,0.0,8.76965753055e-06,0.0,7.863458854062e-05,0.0,0.0,0.0,0.0,0.0,0.0,0.00013391126663637,2.923220222085e-06,0.0,0.0,0.0,0.0,0.0,0.0,0.0,0.000165843953681745,9.832645847025e-06,0.0,0.0,0.0,0.0,0.0,0.0,0.0,0.0,0.0,0.0,0.0,0.0,0.0,0.0,0.0,0.0,0.0,0.0,9.4009329575925e-05,0.0,2.57521654548e-05,0.0,0.0,0.0,0.000288424268772285,0.0,0.0,9.832645847025e-06,0.0
0.0,0.0,0.0,0.0,0.0,0.0,0.0,0.0,0.0,0.0,0.0,0.0,0.0,0.0,0.0,0.0,0.0,0.0,0.0,0.0,0.0,0.0,0.0,0.0,0.0,0.0,0.0,0.0,0.0,0.0,0.0,0.0,0.0,0.0,0.0,0.0,0.0,0.0,0.0,0.0,0.0,0.0,0.0,0.0,0.0,0.0,0.0,0.0,0.0,0.0,0.0,0.0,0.0,0.0,0.0,0.0,0.0,0.0,0.0,0.0,0.0,0.0,0.0,0.0,0.001206555475353247,0.011220433906347574,0.6199655788670622,0.0026565154262875278,0.2630219228547171,1.347989328059e-05,8.4162079677817e-05,0.0038170928193810715,1.9043619200448003e-05,0.0,0.007801053082567668,0.20428931547051224,0.0,0.0,0.029127208902204462,0.0,0.0,0.0,0.0,0.000847385007284184,0.0,0.029106379357814783,0.0,0.0,0.12118799297112791,0.001523640238607309,0.0702706137067574,2.3804524000560002e-05,8.087935968354e-06,0.0,0.012284485137273577,1.1902262000280001e-05,0.014660289453542284,0.01325338867729909,0.006595435780512612,0.0,0.0,0.000508430994863264,0.0,0.0,0.0,0.00013024875029495598,0.008373037962484491,0.003685293944704429,0.0,0.001099064293483932,0.007947989281150833,0.05048395770416803,0.040004286750462054,0.009934986601438541,0.0057240640374594965,0.0,0.15756241285408512,0.03678993022247238,0.000742957436435016,0.0016716542077903798,0.0,0.00458537834921095,0.0,0.18322163446693623,0.04273767832234662,0.014506713581306448,0.0,0.0,0.017796699206522486,0.007801053082567668,0.0015309468581360607,0.01882418513956776,0.056061681098474765,0.0,0.056842174132695066,0.0062747283798559195,0.0,0.0,0.0,0.0,7.582439626129001e-06,0.019789948988124174,1.2131903952531002e-05,0.017031405571926388,0.001111162593068053,1.347989328059e-05,2.0403877300687e-05,1.4282714400336e-05,0.0013373233662323039,5.713084600714e-06,0.0,0.0,0.307287410372067,0.05310396506801421,0.05582031307360985,0.00936126366037975,0.006587940319281101,0.0,0.3209305947802611,1.4282714400336e-05,0.000326848493641912,0.0761389601253302,0.0
0.0,0.0,0.0,0.0,0.0,0.0,0.0,0.0,0.0,0.0,0.0,0.0,0.0,0.0,0.0,0.0,0.0,0.0,0.0,0.0,0.0,0.0,0.0,0.0,0.0,0.0,0.0,0.0,0.0,0.0,0.0,0.0,0.0,0.0,0.0,0.0,0.0,0.0,0.0,0.0,0.0,0.0,0.0,0.0,0.0,0.0,0.0,0.0,0.0,0.0,0.0,0.0,0.0,0.0,0.0,0.0,0.0,0.0,0.0,0.0,0.0,0.0,0.0,0.0,0.005183703507340638,0.02292286221626482,0.4532831259457994,0.0,0.05116038077627784,0.0,0.0,0.0031736960138948403,0.0,0.002115797324617494,0.0,0.2584645029450109,0.00010980326197913601,0.0,0.04280493989272022,0.0,0.0,0.0,0.002115797324617494,0.0,5.7362704300000006e-08,8.4279927572e-07,7.90123254321e-06,0.0,0.012405841446865257,0.0031191392638994613,0.014866648985185197,0.0,0.0,3.786319768396e-05,0.1499000265426219,0.0,0.00549611557910259,0.00181876183944972,0.0,0.0,0.01392141063213455,0.0,0.0,0.0036773537396528697,0.0,0.0031736960138948403,0.0036773537396528697,0.001057898689277346,0.0036773537396528697,0.0,0.00109125710954016,0.0,0.004234965895534326,0.0013640713869252001,0.004443174419452776,0.001149173013253323,0.03912145199530572,0.007947945868133039,0.0,0.0,0.006347392027789681,0.000629571398061,0.001269478405557936,0.10927017842230596,0.003650498249792705,0.002298346107541843,0.0,0.0,0.04603992344398874,0.0,0.0,0.026827597997020836,0.10804947954344546,0.0,0.0062747283798559195,0.010537177586088116,0.001415852876919228,0.0,0.000185873859671192,0.0,0.005740733412383361,0.004784139328164507,0.0,0.008918135722710075,0.005014419589126565,0.0,0.0,0.0,0.0,0.0036773537396528697,0.001269478405557936,0.0,0.10448924904120839,0.030864299048343,0.02486707180397491,0.0,0.009203718440295036,0.005037752633772146,0.10784093424880761,0.0,0.0,0.014167154257267764,0.005327984139975364
0.0,0.0,0.0,0.0,0.0,0.0,0.0,0.0,0.0,0.0,0.0,0.0,0.0,0.0,0.0,0.0,0.0,0.0,0.0,0.0,0.0,0.0,0.0,0.0,0.0,0.0,0.0,0.0,0.0,0.0,0.0,0.0,0.0,0.0,0.0,0.0,0.0,0.0,0.0,0.0,0.0,0.0,0.0,0.0,0.0,0.0,0.0,0.0,0.0,0.0,0.0,0.0,0.0,0.0,0.0,0.0,0.0,0.0,0.0,0.0,0.0,0.0,0.0,0.00015882347501748,0.002261979726273192,0.008689005408145965,0.01185632484681333,0.0,0.01246396987705104,0.0,0.0,0.00138488554189456,0.0,0.000923257020084296,0.0,0.10629122784231007,0.0,0.0,0.010488316182718402,0.0,0.0,0.0,0.000923257020084296,0.0,0.0,0.0,0.0,0.0,0.00031764695003496,0.0009306779834735001,0.0013461436460418682,0.0,0.0,0.0,0.005142552444725954,0.0,0.0,0.0,0.0,0.0,0.0,0.0,0.0,0.0,0.0,0.0016231207544207802,0.0,0.0007475107768417279,0.0,0.0,0.0,0.0,0.002322984488757264,0.0,0.001938839758652384,0.0,0.0,0.00138488554189456,0.0,0.0,0.00276977108378912,0.0,0.000553954216757824,0.022803408161295002,0.000923257020084296,0.0,0.0,0.0,0.015114905419882594,0.0,0.0,0.001246396987705104,0.041018794780373874,0.0,0.0,0.001415852876919228,0.001023898792470004,0.0,0.0,0.0,0.00198500261789428,0.00166491047077992,0.0,0.0,0.00138488554189456,0.0,0.0,0.0,0.0,0.0,0.000553954216757824,0.0,0.007017825615424264,0.0,0.0,0.0,0.004095579809002965,0.0021927354491784643,0.028371746633813814,0.0,0.0,0.002908259637978576,0.0
0.0,0.0,0.0,0.0,0.0,0.0,0.0,0.0,0.0,0.0,0.0,0.0,0.0,0.0,0.0,0.0,0.0,0.0,0.0,0.0,0.0,0.0,0.0,0.0,0.0,0.0,0.0,0.0,0.0,0.0,0.0,0.0,0.0,0.0,0.0,0.0,0.0,0.0,0.0,0.0,0.0,0.0,0.0,0.0,0.0,0.0,0.0,0.0,0.0,0.0,0.0,0.0,0.0,0.0,0.0,0.0,0.0,0.0,0.0,0.0,0.0,0.0,0.0,0.0,0.0,0.0,0.0,0.0,0.0,0.0,0.0,0.0,0.0,0.0,0.0,0.0,0.0,0.0,0.0,0.0,0.0,0.0,0.0,0.0,0.0,0.0,0.0,0.0,0.0,0.0,0.0,0.0,0.0,0.0,0.0,0.0,0.0,0.0,0.0,0.0,0.0,0.0,0.0,0.0,0.0,0.0,0.0,0.0,0.0,0.0,0.0,0.0,0.0,0.0,0.0,0.0,0.0,0.0,0.0,0.0,0.0,0.0,0.0,0.0,0.0,0.0,0.0,0.0,0.0,0.0,0.0,0.0,0.0,0.0,0.0,0.0,0.0,3.360636841e-07,0.0,0.0,0.0,0.0,0.0,0.0,0.0,0.0,0.0,0.0,0.0,0.0,0.0,0.0,0.0,0.0,0.0,0.0,0.0,0.0,0.0,0.0,0.0,1.0081910522999999e-06,0.0
0.0,0.0,0.0,0.0,0.0,0.0,0.0,0.0,0.0,0.0,0.0,0.0,0.0,0.0,0.0,0.0,0.0,0.0,0.0,0.0,0.0,0.0,0.0,0.0,0.0,0.0,0.0,0.0,0.0,0.0,0.0,0.0,0.0,0.0,0.0,0.0,0.0,0.0,0.0,0.0,0.0,0.0,0.0,0.0,0.0,0.0,0.0,0.0,0.0,0.0,0.0,0.0,0.0,0.0,0.0,0.0,0.0,0.0,0.0,0.0,0.0,0.0,0.0,0.0,0.0,0.0,0.0,0.0,0.0,0.0,0.0,0.0,0.0,0.0,0.0,0.000313587171872912,0.000359356115543488,0.0,0.0,0.0,0.0,0.0,0.0,0.0,0.0,0.0,0.0,0.0,0.000127713336865751,0.0,0.0,0.0,0.0,0.000123915914668805,0.0,0.0,0.0,0.0,0.0,0.0,0.0,0.0,0.0,0.0,0.0,0.0,0.0,0.0,0.0,0.0,0.0,0.0,0.0,0.0,0.0,0.0,0.0,0.0,0.0,0.0,0.0,0.0,0.0,0.000278810789506788,0.0,0.0,0.0,0.0,0.00022304862173981802,0.0,0.0,0.0,0.0,0.0,0.0,0.000185873859671192,0.0,0.0,0.000608314425168961,0.0,0.000139405394753394,0.0,0.0,0.0,0.0,0.0,0.0,0.0,0.0,0.0,0.0,0.0,0.0,0.0,0.0,0.0,0.0,0.0,0.00263701036843475,0.0,0.0,0.0,0.0
0.0,0.0,0.0,0.0,0.0,0.0,0.0,0.0,0.0,0.0,0.0,0.0,0.0,0.0,0.0,0.0,0.0,0.0,0.0,0.0,0.0,0.0,0.0,0.0,0.0,0.0,0.0,0.0,0.0,0.0,0.0,0.0,0.0,0.0,0.0,0.0,0.0,0.0,0.0,0.0,0.0,0.0,0.0,0.0,0.0,0.0,0.0,0.0,0.0,0.0,0.0,0.0,0.0,0.0,0.0,0.0,0.0,0.0,0.0,0.0,0.0,0.0,0.0,0.0,0.0,0.0,9.437440478567402e-05,0.0,0.0,0.0,0.0,0.0,0.0,0.0,0.0,2.0219839920885e-05,0.0,0.0,0.0,0.0,0.0,0.0,0.0,0.0,0.0,0.0,0.0,0.0,0.0,0.0,0.0,0.0,0.0,0.0,1.4109353086419998e-06,0.0,0.0,0.0,0.0,0.0,0.0,0.0,0.0,0.0,0.0,0.0,0.0,0.0,0.0,0.0,0.0,0.0,0.0,0.0,0.0,0.0,0.0,0.0,0.0,0.0,0.0,0.0,0.0,5.218385530137999e-06,0.0,0.0,0.0,0.0,1.4109353086419998e-06,0.0,1.6460909465019998e-06,0.0,0.0,0.0,0.0,0.0,0.0,0.0,0.0,1.0261160247557002e-05,0.0,0.0,0.0,0.0,1.161947073348e-06,0.0,0.0,0.0,0.0,0.0,0.0,0.0,1.3799347368104002e-05,0.0,0.0,0.0,0.0,0.0,5.8763115744e-07,0.0,0.0,0.0,3.0245766351600005e-07
0.0,0.0,0.0,0.0,0.0,0.0,0.0,0.0,0.0,0.0,0.0,0.0,0.0,0.0,0.0,0.0,0.0,0.0,0.0,0.0,0.0,0.0,0.0,0.0,0.0,0.0,0.0,0.0,0.0,0.0,0.0,0.0,0.0,0.0,0.0,0.0,0.0,0.0,0.0,0.0,0.0,0.0,0.0,0.0,0.0,0.0,0.0,0.0,0.0,0.0,0.0,0.0,0.0,0.0,0.0,0.0,0.0,0.0,0.0,0.0,0.0,0.0,0.0,0.0,0.008105427384514367,0.030582671128678903,0.07131767563846017,0.0,0.048891119532182954,1.347989328059e-05,0.0,0.0049625065447357,0.0,0.0033083376683777452,0.0,0.37344023354630873,8.2352446484352e-05,0.0,0.03819449902432358,0.0,0.0,0.0,0.0033083376683777452,0.0,0.0,0.0,0.0,0.0,0.001551053976224567,0.0027869447793951105,0.004679099110897059,0.0,8.087935968354e-06,2.839739826297e-05,0.038065600627132636,0.0,0.000695530759326414,6.739946640295e-06,0.0,0.0,0.0024362467790211033,0.0,0.0,0.00064353688288389,0.0,0.0049798378368832085,0.00064353688288389,0.001654168876357955,0.00064353688288389,0.0,0.0,0.0,0.006787870074018017,0.0,0.006987948845225373,0.00020110527058328102,0.0033701429447176422,0.004978682416672408,0.0,0.0,0.0099250130894714,0.0,0.00198500261789428,0.08771298235740353,0.003900408743176266,0.000402210555347721,0.0,0.0,0.051989219385369226,0.0,1.7331292147508e-05,0.00820893093757885,0.14809672811084057,0.0,7.582439626129001e-06,0.005740733412383361,0.00198500261789428,0.0,0.000139405394753394,0.0,0.007529625121207153,0.000536280735736575,1.2131903952531002e-05,0.001149173013253323,0.005284274986177646,1.347989328059e-05,0.0,0.0,0.0,0.00064353688288389,0.00198500261789428,0.0,0.030670020415196796,0.005094939122742439,0.003559291554881112,0.0,0.014391268979733533,0.00785730205727758,0.10141467171545099,0.0,0.0,0.010522056678104982,0.0009323971932649079
0.0,0.0,0.0,0.0,0.0,0.0,0.0,0.0,0.0,0.0,0.0,0.0,0.0,0.0,0.0,0.0,0.0,0.0,0.0,0.0,0.0,0.0,0.0,0.0,0.0,0.0,0.0,0.0,0.0,0.0,0.0,0.0,0.0,0.0,0.0,0.0,0.0,0.0,0.0,0.0,0.0,0.0,0.0,0.0,0.0,0.0,0.0,0.0,0.0,0.0,0.0,0.0,0.0,0.0,0.0,0.0,0.0,0.0,0.0,0.0,0.0,0.0,0.0,0.0012807003621383998,0.0008781989833488,0.027197661859602915,0.576002667410535,0.0019923865490531203,0.05661483554310145,0.0,0.0018555734110764872,0.0,0.0,0.0,0.0,0.2495260572673776,0.0,0.0,0.04278772167909812,0.0,0.0,0.0,0.0,0.001129846676378912,0.0,0.003104064489006418,0.0,0.0,0.04877250259206807,0.004675464776742524,0.03686820669030773,0.0,0.0,0.0,0.08012223836328573,0.0,0.005286934132130119,0.003570835732393369,0.0,0.0,0.006496658249184225,0.0010733543330527198,0.0,0.0017160983997367499,0.0,0.0150369801541502,0.00292362204700077,0.0030191353532785146,0.0017160983997367499,0.0032971928211474482,0.002142501450961432,0.0,0.02613097600136344,0.0026781268137017903,3.827978336484e-06,0.000536280735736575,0.05032534794431,0.012218656432056845,0.0,0.0,0.0,0.001236058507236575,0.0,0.08445779086054922,0.027554670760412125,0.001072561509289575,0.0,5.1039639414e-07,0.018893482824653363,0.0,0.001030372770508034,0.015054812598514185,0.02543447971701263,0.0,0.019789948988124174,0.004784139328164507,0.00166491047077992,0.0,0.0,0.0,0.000536280735736575,0.03730334990662719,0.0,0.0076567609322422,0.004421980712757654,0.0,0.0,0.0,0.0,0.0017160983997367499,0.0,5.1039639414e-07,0.14504418847089645,0.03199378675068915,0.01860426828599787,0.0,0.005155331128466665,0.0,0.09662494636027036,0.0,0.0006900134933682599,0.06683544863839384,0.0024863925811220997
0.0,0.0,0.0,0.0,0.0,0.0,0.0,0.0,0.0,0.0,0.0,0.0,0.0,0.0,0.0,0.0,0.0,0.0,0.0,0.0,0.0,0.0,0.0,0.0,0.0,0.0,0.0,0.0,0.0,0.0,0.0,0.0,0.0,0.0,0.0,0.0,0.0,0.0,0.0,0.0,0.0,0.0,0.0,0.0,0.0,0.0,0.0,0.0,0.0,0.0,0.0,0.0,0.0,0.0,0.0,0.0,0.0,0.0,0.0,0.0,0.0,0.0,0.0,0.0,0.0,6.2238597059628e-05,1.9411047205209005e-05,0.0,0.0,2.156783022801e-05,0.0,0.0,0.0,0.0,0.0,0.000676921789398492,0.0,0.0,0.0,0.0,0.0,0.0,0.0,0.0,0.0,0.0,0.0,0.0,0.000118125352178559,6.0081814036827e-05,2.156783022801e-05,0.0,1.2940698136806e-05,0.0,0.0,0.0,8.3190206084436e-05,1.0783915114005e-05,0.0,0.0,0.0,0.0,0.0,0.0,0.0,2.7730068694812002e-05,0.0,0.0,0.0,0.0,0.0,0.0,0.00027391145711311803,0.0,6.470349508982701e-05,0.0,0.00010352558950024501,2.5881396273612e-05,0.0,0.0,0.0,0.0,0.0,0.00011646628763705101,3.2351745342015004e-05,0.0,0.0,0.0,9.705524043184201e-05,0.0,2.7730068694812002e-05,0.0,2.7730068694812002e-05,0.0,1.2131903952531002e-05,0.0,0.0,0.0,0.0,0.0,1.2131903952531002e-05,0.0,1.9411047205209005e-05,0.0,0.0,2.156783022801e-05,0.0,0.0,0.0,0.0,0.0,0.0,0.000131910394875633,0.00010629859813204501,4.1595103042218e-05,0.0,0.0,0.0,9.705524043184201e-05,0.0,0.0,1.2131903952531002e-05,0.0
0.0,0.0,0.0,0.0,0.0,0.0,0.0,0.0,0.0,0.0,0.0,0.0,0.0,0.0,0.0,0.0,0.0,0.0,0.0,0.0,0.0,0.0,0.0,0.0,0.0,0.0,0.0,0.0,0.0,0.0,0.0,0.0,0.0,0.0,0.0,0.0,0.0,0.0,0.0,0.0,0.0,0.0,0.0,0.0,0.0,0.0,0.0,0.0,0.0,0.0,0.0,0.0,0.0,0.0,0.0,0.0,0.0,0.0,0.0,0.0,0.0,0.0,0.0,0.0,0.0,0.004336559615288511,0.5182723639000074,0.0,0.06133557522382581,0.0,0.0,0.0,0.0,0.0,0.0,0.05229755855677885,0.0,0.0,0.023723813409691954,0.0,0.0,0.0,0.0,0.0,0.0,1.633270652552e-06,0.0,0.0,0.019276789131601614,0.001532230765372961,0.028864186519308017,0.0,0.0,0.0,0.14397962816148505,0.0,0.008613993009307172,0.004936639269654301,0.0,0.0,0.01392141063213455,0.0,0.0,0.0036773537396528697,0.0,0.0,0.0036773537396528697,0.0,0.0036773537396528697,0.0,0.002961983577726328,0.0,0.0,0.0037024794721579103,1.224952989414e-06,0.001149173013253323,0.07380954774776176,0.012958678152552685,0.0,0.0,0.0,0.001708836648815675,0.0,0.09665717600914646,0.001537586252369921,0.002298346107541843,0.0,0.0,0.016573217641978152,0.0,0.0,0.028401939535482718,0.022402087967026876,0.0,0.017031405571926388,0.008918135722710075,0.0,0.0,0.0,0.0,0.001149173013253323,0.0076567609322422,0.0,0.012936699629280436,0.001842212088795821,0.0,0.0,0.0,0.0,0.0036773537396528697,0.0,0.0,0.1383430896683028,0.03451370418493355,0.03288447093896789,0.0,0.0,2.1942725673414003e-05,0.11632802253556328,0.0,0.0,0.020363637096868503,0.005327984139975364
0.0,0.0,0.0,0.0,0.0,0.0,0.0,0.0,0.0,0.0,0.0,0.0,0.0,0.0,0.0,0.0,0.0,0.0,0.0,0.0,0.0,0.0,0.0,0.0,0.0,0.0,0.0,0.0,0.0,0.0,0.0,0.0,0.0,0.0,0.0,0.0,0.0,0.0,0.0,0.0,0.0,0.0,0.0,0.0,0.0,0.0,0.0,0.0,0.0,0.0,0.0,0.0,0.0,0.0,0.0,0.0,0.0,0.0,0.0,0.0,0.0,0.0,0.0,0.0,0.00565494931568298,0.021999175215070024,0.11714569985538822,0.0,0.0311599246926276,0.0,8.4162079677817e-05,0.0034622138547364006,0.0,0.00230814255021074,0.0,0.27517921622306746,0.0,0.0,0.034104057867959364,0.0,0.0,0.0,0.00230814255021074,0.0,0.0,0.0,0.0,0.0,0.010848050239147243,0.002160131538647315,0.0035205641365101802,0.0,0.0,0.0,0.04969083259948298,0.0,0.0010296590398420498,0.0,0.0,0.0,0.003897994949510535,0.0,0.0,0.0010296590398420498,0.0,0.0035751313128838482,0.0010296590398420498,0.00115407130452566,0.0010296590398420498,0.003517005691705104,0.0,0.0,0.00461628515926206,0.0,0.0048470993966309595,0.000321768441441945,0.005369358594841481,0.0035912623778365893,0.0,0.0,0.006924427709472801,0.0,0.00138488554189456,0.07067905473924192,0.002952918508038444,0.000643536905573745,0.0,0.0,0.038226692175252666,0.0,0.001099935753396786,0.009104272703320815,0.1074892717439391,0.0,0.001111162593068053,0.005014419589126565,0.00138488554189456,0.0,0.0,1.161947073348e-06,0.005284274986177646,0.004421980712757654,0.0,0.001842212088795821,0.00750765411277831,0.0,0.0,0.0,0.0,0.0010296590398420498,0.00138488554189456,0.0,0.033123314283946444,0.008046159750532442,0.00565327153614825,0.0,0.013402137263172234,0.0054852867673363965,0.06993671986567529,0.0,0.0,0.007270649094946441,0.0014918355486732598
0.0,0.0,0.0,0.0,0.0,0.0,0.0,0.0,0.0,0.0,0.0,0.0,0.0,0.0,0.0,0.0,0.0,0.0,0.0,0.0,0.0,0.0,0.0,0.0,0.0,0.0,0.0,0.0,0.0,0.0,0.0,0.0,0.0,0.0,0.0,0.0,0.0,0.0,0.0,0.0,0.0,0.0,0.0,0.0,0.0,0.0,0.0,0.0,0.0,0.0,0.0,0.0,0.0,0.0,0.0,0.0,0.0,0.0,0.0,0.0,0.0,0.0,0.0,0.0,0.0,6.915399673292e-05,2.156783022801e-05,0.0,0.0,2.39642558089e-05,0.0,0.0,0.0,0.0,0.0,0.0007521353215538799,0.0,0.0,0.0,0.0,0.0,0.0,0.0,0.0,0.0,0.0,0.0,0.0,0.00013125039130951,6.675757115202999e-05,2.39642558089e-05,0.0,1.4378553485339999e-05,0.0,0.0,0.0,9.243356231603999e-05,1.198212790445e-05,0.0,0.0,0.0,0.0,0.0,0.0,0.0,3.0811187438679995e-05,0.0,0.0,0.0,0.0,0.0,0.0,0.00030434606345902,0.0,7.189277232203e-05,0.0,0.00011502843277805001,2.8757106970679997e-05,0.0,0.0,0.0,0.0,0.0,0.00012940698626338998,3.594638371335e-05,0.0,0.0,0.0,0.00010783915603537999,0.0,3.0811187438679995e-05,0.0,3.0811187438679995e-05,0.0,1.347989328059e-05,0.0,0.0,0.0,0.0,0.0,1.347989328059e-05,0.0,2.156783022801e-05,0.0,0.0,2.39642558089e-05,0.0,0.0,0.0,0.0,0.0,0.0,0.00014656710541737,0.00011810955348004999,4.6216781158019996e-05,0.0,0.0,0.0,0.00010783915603537999,0.0,0.0,1.347989328059e-05,0.0
0.0,0.0,0.0,0.0,0.0,0.0,0.0,0.0,0.0,0.0,0.0,0.0,0.0,0.0,0.0,0.0,0.0,0.0,0.0,0.0,0.0,0.0,0.0,0.0,0.0,0.0,0.0,0.0,0.0,0.0,0.0,0.0,0.0,0.0,0.0,0.0,0.0,0.0,0.0,0.0,0.0,0.0,0.0,0.0,0.0,0.0,0.0,0.0,0.0,0.0,0.0,0.0,0.0,0.0,0.0,0.0,0.0,0.0,0.0,0.0,0.0,0.0,0.0,0.0,0.000115621961984777,5.6654759331132995e-05,3.4686586483632e-05,0.0,0.0,0.0,0.0,0.0,4.6248781978176e-05,0.0,0.0,0.003154648903053054,0.0,0.0,6.665265927886299e-05,0.0,0.0,0.0,0.0,0.0,0.0,0.000121403059732049,0.0,0.0,0.00016187074396295298,0.0,0.0,5.7810977472720004e-05,0.0,0.0,4.6248781978176e-05,2.8905488736360002e-05,0.000315475300076861,0.0,0.0,0.0,0.0,0.0,0.0,0.0,0.0,0.0,0.0,0.0,0.0,0.0,0.0,0.0,0.000392288791797656,0.0,0.0,0.0,5.2942684632912004e-05,0.0,0.0,0.0,0.0,0.0,0.0,0.00013612496018976098,0.000276699217802416,4.6248781978176e-05,0.0,0.0,0.0,0.0,0.0,0.0,0.00032374148792590595,0.0,2.0403877300687e-05,0.0,0.0,0.0,0.0,0.0,0.0,0.0,0.0,0.0,0.0,0.0,4.9552265399568996e-05,3.4686586483632e-05,0.0,1.3874631777718e-05,0.0,0.0,0.000292656092504071,0.00013296525522659298,0.0,0.0,7.845776117526599e-05,0.0,0.001215682321432844,3.4686586483632e-05,0.0,0.000208119525941129,0.0
0.0,0.0,0.0,0.0,0.0,0.0,0.0,0.0,0.0,0.0,0.0,0.0,0.0,0.0,0.0,0.0,0.0,0.0,0.0,0.0,0.0,0.0,0.0,0.0,0.0,0.0,0.0,0.0,0.0,0.0,0.0,0.0,0.0,0.0,0.0,0.0,0.0,0.0,0.0,0.0,0.0,0.0,0.0,0.0,0.0,0.0,0.0,0.0,0.0,0.0,0.0,0.0,0.0,0.0,0.0,0.0,0.0,0.0,0.0,0.0,0.0,0.0,0.0,0.0,8.0935375031856e-05,3.9658332336624e-05,2.4280611031295996e-05,0.0,0.0,0.0,0.0,0.0,3.2374148041728e-05,0.0,0.0,0.0022082542769517118,0.0,0.0,4.6656862442063995e-05,0.0,0.0,0.0,0.0,0.0,0.0,8.498214353707199e-05,0.0,0.0,0.000113309523073584,0.0,0.0,4.046768505216e-05,0.0,0.0,3.2374148041728e-05,2.023384252608e-05,0.000220832714535408,0.0,0.0,0.0,0.0,0.0,0.0,0.0,0.0,0.0,0.0,0.0,0.0,0.0,0.0,0.0,0.000274602159831168,0.0,0.0,0.0,3.7059879995136e-05,0.0,0.0,0.0,0.0,0.0,0.0,9.528747406660799e-05,0.00019368945639244799,3.2374148041728e-05,0.0,0.0,0.0,0.0,0.0,0.0,0.000226619046147168,0.0,1.4282714400336e-05,0.0,0.0,0.0,0.0,0.0,0.0,0.0,0.0,0.0,0.0,0.0,3.4686586483632e-05,2.4280611031295996e-05,0.0,9.712242441504e-06,0.0,0.0,0.000204859268910288,9.307568054750398e-05,0.0,0.0,5.4920433937247994e-05,0.0,0.000850977642272832,2.4280611031295996e-05,0.0,0.000145683671115312,0.0
0.0,0.0,0.0,0.0,0.0,0.0,0.0,0.0,0.0,0.0,0.0,0.0,0.0,0.0,0.0,0.0,0.0,0.0,0.0,0.0,0.0,0.0,0.0,0.0,0.0,0.0,0.0,0.0,0.0,0.0,0.0,0.0,0.0,0.0,0.0,0.0,0.0,0.0,0.0,0.0,0.0,0.0,0.0,0.0,0.0,0.0,0.0,0.0,0.0,0.0,0.0,0.0,0.0,0.0,0.0,0.0,0.0,0.0,0.0,0.0,0.0,0.0,0.0,0.0,0.00042454709775845595,0.0037147870915645444,0.013500597670017453,0.0,0.04809671717046311,0.0,0.0,0.0021811958517015517,0.0,0.0,0.004457744526463788,0.0366534665970473,0.0,0.0,0.0020802807734876558,0.0,0.0,0.0,0.0,0.0,0.0,0.016603651002222095,0.0,0.0,0.03840317955377538,0.000297182979488476,0.0,0.0,0.0,0.0,0.0,0.0,0.00070385440328016,0.0,0.003768820368101692,0.0,0.0,0.0,0.0,0.0,0.0,0.0,0.004457744526463788,0.0013373233662323039,0.0,0.0,0.0,0.028847975234634914,0.0057950678650522,0.0,0.003247785278501464,0.0,0.005731385819739156,0.001069858676399508,0.00042454709775845595,0.0009552309561345799,0.0,0.0,0.0,0.001069858676399508,0.017385203622800494,0.008278668378646,0.0,0.0,0.004457744526463788,0.004457744526463788,0.0006686616831161519,0.0,0.01104883819290212,0.0,0.0013373233662323039,0.0,0.0,0.0,0.0,0.0,0.0,0.0,0.0,0.0,0.0,0.0,0.0,0.0,0.000764184764907664,0.0,0.0,0.0,0.044295019202864626,0.011346986054796964,0.012418002595612892,0.005349293409641432,0.003120421160231484,0.0,0.000786660797161616,0.0,0.0,0.011547681042443667,0.0
0.0,0.0,0.0,0.0,0.0,0.0,0.0,0.0,0.0,0.0,0.0,0.0,0.0,0.0,0.0,0.0,0.0,0.0,0.0,0.0,0.0,0.0,0.0,0.0,0.0,0.0,0.0,0.0,0.0,0.0,0.0,0.0,0.0,0.0,0.0,0.0,0.0,0.0,0.0,0.0,0.0,0.0,0.0,0.0,0.0,0.0,0.0,0.0,0.0,0.0,0.0,0.0,0.0,0.0,0.0,0.0,0.0,0.0,0.0,0.0,0.0,0.0,0.0,0.0,3.2374143442694e-05,0.001946474023746706,0.2281874582266924,0.0,0.0,0.0,0.0,0.0,1.2949656588672002e-05,0.0,0.0,0.002942619611206488,0.0,0.0,0.010517507648158154,0.0,0.0,0.0,0.0,0.0,0.0,3.3992850516278e-05,0.0,0.0,0.004678789502010445,0.0008580492225582299,0.00150158610544212,1.6187070735840002e-05,0.0,0.0,0.0781528161360333,8.093535367920001e-06,0.002147651147571842,0.0,0.0,0.0,0.00779598989902107,0.0,0.0,0.0020593180796840997,0.0,0.0,0.0020593180796840997,0.0,0.0020593180796840997,0.0,0.0,0.0,0.00010984084164123201,0.0,0.0,0.00064353688288389,0.010592230482188695,0.0,0.0,0.0,0.0,0.0,0.0,0.01985905155557564,0.000935524989392182,0.0013000234677361618,0.0,0.0,0.00720761332427406,0.0,0.0,0.011976560468116109,0.005484099739452352,0.0,5.713084600714e-06,0.0036773537396528697,0.0,0.0,0.0,0.0,0.00064353688288389,0.0017160983997367499,0.0,0.0036773537396528697,0.0010296590398420498,0.0,1.3874631777718e-05,9.712242441504e-06,0.0,0.002063202975872296,0.0,0.0,0.03675073210122368,0.016128438696334405,0.0113065430722965,0.0,2.1968169116652e-05,0.0,0.000340390987829768,9.712242441504e-06,0.0,5.827345662003801e-05,0.0029836710973465195
0.0,0.0,0.0,0.0,0.0,0.0,0.0,0.0,0.0,0.0,0.0,0.0,0.0,0.0,0.0,0.0,0.0,0.0,0.0,0.0,0.0,0.0,0.0,0.0,0.0,0.0,0.0,0.0,0.0,0.0,0.0,0.0,0.0,0.0,0.0,0.0,0.0,0.0,0.0,0.0,0.0,0.0,0.0,0.0,0.0,0.0,0.0,0.0,0.0,0.0,0.0,0.0,0.0,0.0,0.0,0.0,0.0,0.0,0.0,0.0,0.0,0.0,0.0,0.0,0.002261979726273192,0.008355476110609257,0.0,0.0,0.01246396987705104,0.0,0.0,0.00138488554189456,0.0,0.000923257020084296,0.0,0.10312781001190283,0.0,0.0,0.00969419879326192,0.0,0.0,0.0,0.000923257020084296,0.0,0.0,0.0,0.0,0.0,0.0,0.00069244277094728,0.001107908433515648,0.0,0.0,0.0,0.00380843524021004,0.0,0.0,0.0,0.0,0.0,0.0,0.0,0.0,0.0,0.0,0.00138488554189456,0.0,0.000461628521810264,0.0,0.0,0.0,0.0,0.001846514063704824,0.0,0.001938839758652384,0.0,0.0,0.00138488554189456,0.0,0.0,0.00276977108378912,0.0,0.000553954216757824,0.022342820083744313,0.000923257020084296,0.0,0.0,0.0,0.0138488554189456,0.0,0.0,0.001246396987705104,0.04085412348588952,0.0,0.0,0.001269478405557936,0.000553954216757824,0.0,0.0,0.0,0.00198500261789428,0.0,0.0,0.0,0.00138488554189456,0.0,0.0,0.0,0.0,0.0,0.000553954216757824,0.0,0.005308727918441224,0.0,0.0,0.0,0.004016168071494224,0.0021927354491784643,0.027974687946270112,0.0,0.0,0.002908259637978576,0.0
0.0,0.0,0.0,0.0,0.0,0.0,0.0,0.0,0.0,0.0,0.0,0.0,0.0,0.0,0.0,0.0,0.0,0.0,0.0,0.0,0.0,0.0,0.0,0.0,0.0,0.0,0.0,0.0,0.0,0.0,0.0,0.0,0.0,0.0,0.0,0.0,0.0,0.0,0.0,0.0,0.0,0.0,0.0,0.0,0.0,0.0,0.0,0.0,0.0,0.0,0.0,0.0,0.0,0.0,0.0,0.0,0.0,0.0,0.0,0.0,0.0,0.0,0.0,0.0,0.0,2.8219039590299995e-06,4.1376472242619993e-05,0.0,0.0,0.0,0.0,0.0,0.0,0.0,0.0,0.0,0.0,0.0,0.0,0.0,0.0,0.0,0.0,0.0,0.0,0.0,0.0,0.0,1.0993157619599997e-06,0.0,0.0,0.0,0.0,0.0,0.0,0.0,0.0,0.0,0.0,0.0,0.0,0.0,0.0,0.0,0.0,6.3799573724e-07,0.0,0.0,0.0,0.0,0.0,0.0,0.0,0.0,0.0,0.0,0.0,0.0,0.0,0.0,0.0,0.0,0.0,5.8891887869e-07,0.0,0.0,0.0,2.3924815689999994e-07,0.0,0.0,0.0,0.0,6.3799573724e-07,0.0,0.0,0.0,0.0,0.0,0.0,0.0,0.0,5.1039639414e-07,0.0,0.0,0.0,0.0,0.0,0.0,0.0,0.0,0.0,2.3924815689999994e-07,3.95066534699e-06,0.0,0.0,0.0,5.8891887869e-07,0.0,2.254087713756e-05,0.0,0.0,0.0,0.0
0.0,0.0,0.0,0.0,0.0,0.0,0.0,0.0,0.0,0.0,0.0,0.0,0.0,0.0,0.0,0.0,0.0,0.0,0.0,0.0,0.0,0.0,0.0,0.0,0.0,0.0,0.0,0.0,0.0,0.0,0.0,0.0,0.0,0.0,0.0,0.0,0.0,0.0,0.0,0.0,0.0,0.0,0.0,0.0,0.0,0.0,0.0,0.0,0.0,0.0,0.0,0.0,0.0,0.0,0.0,0.0,0.0,0.0,0.0,0.0,0.0,0.0,0.0,0.0013146905361408,0.04718272231396165,0.4773753239216178,8.397933058292743,0.01962500767347344,3.7046917985489256,0.00014656710541737,0.002899932412832287,0.13970212379202604,0.000273145691880384,0.00884787978888352,0.2583876157555125,4.248817718464224,0.0,0.000149578274061095,0.5613459000573108,0.000517051297677445,5.733833447974501e-05,0.000258525663828865,0.00884787978888352,0.0015817853516841,5.098897276e-08,0.9739347670107678,0.0,1.1467669656190001e-05,2.51051666413823,0.042542868833343433,0.3993001800042104,0.00034143211485048,9.646156373431399e-05,0.0,1.4952448764272772,0.00017071605742524,0.13656038737830123,0.05673830763335724,0.21845498398202565,1.1467669656190001e-05,0.13881757991974958,0.000254215497431632,2.3563708176030002e-05,0.03666878841028932,0.00013788035004468999,0.05386499148617831,0.2953423966057602,0.08516395060365414,0.03666878841028932,0.001099064293483932,0.03399901463128404,1.6721369957386094,0.5786049380161143,0.04249876828910505,0.20748680343864076,0.011458996075199028,1.155591385734133,0.22865297960391998,0.02460834435766786,0.05536877400358078,0.026543639592206122,0.019614815781712126,0.005308727918441224,1.4470929577600602,1.1506076025093588,0.5466408862538253,2.1956174221100002e-07,3.95066534699e-06,0.5730856030410967,0.2584220187644811,0.03929530139587004,0.30572657450795593,1.3450924661615598,9.4009329575925e-05,0.307287410372067,0.10448924904120839,0.007017825615424264,0.0,0.0,1.3799347368104002e-05,0.030670020415196796,0.14504418847089645,0.000131910394875633,0.1383430896683028,0.033123314283946444,0.00014656710541737,0.000292656092504071,0.000204859268910288,0.044295019202864626,0.03675073210122368,0.005308727918441224,3.95066534699e-06,4.4180565374253264,1.1341527196425645,1.067394879724359,0.31006513762474,0.23812597843568173,0.02101718978183333,1.6763726099255305,0.000204859268910288,0.000163424246820956,1.1160956133547675,0.0531280744018323
0.0,0.0,0.0,0.0,0.0,0.0,0.0,0.0,0.0,0.0,0.0,0.0,0.0,0.0,0.0,0.0,0.0,0.0,0.0,0.0,0.0,0.0,0.0,0.0,0.0,0.0,0.0,0.0,0.0,0.0,0.0,0.0,0.0,0.0,0.0,0.0,0.0,0.0,0.0,0.0,0.0,0.0,0.0,0.0,0.0,0.0,0.0,0.0,0.0,0.0,0.0,0.0,0.0,0.0,0.0,0.0,0.0,0.0,0.0,0.0,0.0,0.0,0.0,0.0,0.007076343515480215,0.07293314463044195,3.21840504018315,0.010460029465178983,0.817506278220219,0.00011810955348004999,0.0,0.032387453988341454,0.000124100907396672,0.0,0.06619075294407877,0.6207023911543784,0.0,5.4033219010913005e-05,0.1551329152539219,0.0,2.0712732541623e-05,0.0,0.0,0.000564923338189456,0.0,0.24703053040646447,0.0,4.142547505426e-06,0.6495660441338684,0.01258189939724987,0.03567761481503736,0.00015512613424584,7.086573208803e-05,0.0,0.614744768902368,7.756306712292e-05,0.032336812661583135,0.004551396532573747,0.05596127288019397,4.142547505426e-06,0.060916717836805995,0.000564923338189456,8.512085144562e-06,0.01609120843167096,0.0,0.00015185514708206,0.08291750014309691,0.02013968767545933,0.01609120843167096,0.0,0.002695405067999944,0.4283487289046944,0.20409627018517643,0.00336925633499993,0.048620445297992906,0.005028502501925784,0.21846476826301775,0.027819909195485545,0.006303881232769406,0.014183732568496204,0.0,0.001555041357500525,0.0,0.28413298223392486,0.2856324263159368,0.13310678989437214,0.0,0.0,0.12641073215930465,0.06620318058659504,0.010080468150264362,0.09996693517209514,0.22359664360565706,0.0,0.05310396506801421,0.030864299048343,0.0,0.0,0.0,0.0,0.005094939122742439,0.03199378675068915,0.00010629859813204501,0.03451370418493355,0.008046159750532442,0.00011810955348004999,0.00013296525522659298,9.307568054750398e-05,0.011346986054796964,0.016128438696334405,0.0,0.0,1.1341527196425645,0.3656377665294227,0.2845281359318701,0.07942890320451858,0.04654405527895256,3.448144390236e-06,0.1259132407982786,9.307568054750398e-05,0.000363164999726348,0.19194893970478855,0.02331396688670851
0.0,0.0,0.0,0.0,0.0,0.0,0.0,0.0,0.0,0.0,0.0,0.0,0.0,0.0,0.0,0.0,0.0,0.0,0.0,0.0,0.0,0.0,0.0,0.0,0.0,0.0,0.0,0.0,0.0,0.0,0.0,0.0,0.0,0.0,0.0,0.0,0.0,0.0,0.0,0.0,0.0,0.0,0.0,0.0,0.0,0.0,0.0,0.0,0.0,0.0,0.0,0.0,0.0,0.0,0.0,0.0,0.0,0.0,0.0,0.0,0.0,0.0,0.0,0.0,0.006898890430721218,0.0730856558287176,1.6938375972347013,0.0,0.9042417260601996,4.6216781158019996e-05,0.0,0.035444433063570355,0.0,0.0,0.07243834952257278,0.7084913236121628,0.0,2.7016614924486e-05,0.10131942947912925,0.00014163690589512,1.0356368348106e-05,7.081845705384e-05,0.0,0.0,0.0,0.2699630018011843,0.0,2.071274168172e-06,0.6713246969310666,0.009799251911940468,0.060656141282995284,0.0,2.7730068694811995e-05,0.0,0.4391851501207727,0.0,0.032795720553092655,0.009896386929887611,0.0612433317996604,2.071274168172e-06,0.04280334410610055,0.0,4.256043425964e-06,0.0113065430722965,3.7769842667040005e-05,5.943557846852399e-05,0.08374489259486928,0.02173150499153581,0.0113065430722965,0.0,0.005923967155452656,0.46877960382415895,0.0947630210364297,0.0074049589443158205,0.05295884272134966,0.00353329461665985,0.2614883484857926,0.04335802016619569,0.006898890430721218,0.015522503244516112,0.0,0.00341767329763135,0.0,0.2492038576121376,0.2872976129393141,0.14159495243232434,0.0,0.0,0.11962418499373258,0.0724445633450773,0.01092517407423993,0.07978692302441223,0.23523482549719046,2.57521654548e-05,0.05582031307360985,0.02486707180397491,0.0,0.0,0.0,0.0,0.003559291554881112,0.01860426828599787,4.1595103042218e-05,0.03288447093896789,0.00565327153614825,4.6216781158019996e-05,0.0,0.0,0.012418002595612892,0.0113065430722965,0.0,0.0,1.067394879724359,0.2845281359318701,0.2894215606217683,0.08692601906771674,0.05070684453103697,0.0,0.24638602858473005,0.0,0.0,0.22842884274350225,0.016381639198199797
0.0,0.0,0.0,0.0,0.0,0.0,0.0,0.0,0.0,0.0,0.0,0.0,0.0,0.0,0.0,0.0,0.0,0.0,0.0,0.0,0.0,0.0,0.0,0.0,0.0,0.0,0.0,0.0,0.0,0.0,0.0,0.0,0.0,0.0,0.0,0.0,0.0,0.0,0.0,0.0,0.0,0.0,0.0,0.0,0.0,0.0,0.0,0.0,0.0,0.0,0.0,0.0,0.0,0.0,0.0,0.0,0.0,0.0,0.0,0.0,0.0,0.0,0.0,0.0,0.0029718297150246277,0.026003509909711873,0.09450418466687303,0.0,0.33667702367297736,0.0,0.0,0.015268371119717574,0.0,0.0,0.03120421200775859,0.25657426883116224,0.0,0.0,0.014561965564919227,0.0,0.0,0.0,0.0,0.0,0.0,0.11622555821680744,0.0,0.0,0.2688222596548483,0.002080280877920138,0.0,0.0,0.0,0.0,0.0,0.0,0.00492698087388408,0.0,0.026381742849381145,0.0,0.0,0.0,0.0,0.0,0.0,0.0,0.03120421200775859,0.00936126366037975,0.0,0.0,0.0,0.20193582872955826,0.0405654754746311,0.0,0.02273449718448333,0.0,0.040119701152832477,0.0074890108121994535,0.0029718297150246277,0.006686616762051789,0.0,0.0,0.0,0.0074890108121994535,0.12169642661740054,0.057950679249472996,0.0,0.0,0.03120421200775859,0.03120421200775859,0.004680631830189875,0.0,0.07734186814968405,0.0,0.00936126366037975,0.0,0.0,0.0,0.0,0.0,0.0,0.0,0.0,0.0,0.0,0.0,0.0,0.0,0.005349293409641432,0.0,0.0,0.0,0.31006513762474,0.07942890320451858,0.08692601906771674,0.03744505425450451,0.021842948347378842,0.0,0.005506625637045208,0.0,0.0,0.08083376813256553,0.0
0.0,0.0,0.0,0.0,0.0,0.0,0.0,0.0,0.0,0.0,0.0,0.0,0.0,0.0,0.0,0.0,0.0,0.0,0.0,0.0,0.0,0.0,0.0,0.0,0.0,0.0,0.0,0.0,0.0,0.0,0.0,0.0,0.0,0.0,0.0,0.0,0.0,0.0,0.0,0.0,0.0,0.0,0.0,0.0,0.0,0.0,0.0,0.0,0.0,0.0,0.0,0.0,0.0,0.0,0.0,0.0,0.0,0.0,0.0,0.0,0.0,0.0,0.0,6.108595192979999e-05,0.018315988476074407,0.17133940778769788,0.07336806096593082,0.0,0.28675871237450146,0.0,0.000448864416882825,0.018946970011721374,7.3227245249664e-05,0.0066936133956111464,0.01820245703140185,0.9581535245229658,0.0,0.0,0.08386760703304276,0.0,0.0,0.0,0.0066936133956111464,0.0,0.0,0.06799046392316806,0.0,0.0,0.16516237429760064,0.0063253361978409615,0.022506239006927265,9.153405656208e-05,0.0,0.0,0.02922787750901738,4.576702828104e-05,0.003373574787681714,0.0,0.015389350018194777,0.0,0.0,0.0,0.0,0.0,0.0,0.010735845991210585,0.01820245703140185,0.008917498639882377,0.0,0.0032971928211474482,0.0,0.11779590026616849,0.03785480286017471,0.0,0.027318378294092817,0.0,0.02391714670875133,0.015097268603136009,0.001733567336323986,0.0039005264502893545,0.02008084035747112,0.0,0.004016168071494224,0.17169234107026266,0.1914874944692227,0.08991262391436734,0.0,5.8891887869e-07,0.11909360112681015,0.01820245703140185,0.003760741342150196,0.009036378160862004,0.38786835734723507,0.0,0.006587940319281101,0.009203718440295036,0.004095579809002965,0.0,0.0,0.0,0.014391268979733533,0.005155331128466665,0.0,0.0,0.013402137263172234,0.0,7.845776117526599e-05,5.4920433937247994e-05,0.003120421160231484,2.1968169116652e-05,0.004016168071494224,5.8891887869e-07,0.23812597843568173,0.04654405527895256,0.05070684453103697,0.021842948347378842,0.06394189862260653,0.015897332006543866,0.2081617165805956,5.4920433937247994e-05,0.0,0.09646904800151267,0.0
0.0,0.0,0.0,0.0,0.0,0.0,0.0,0.0,0.0,0.0,0.0,0.0,0.0,0.0,0.0,0.0,0.0,0.0,0.0,0.0,0.0,0.0,0.0,0.0,0.0,0.0,0.0,0.0,0.0,0.0,0.0,0.0,0.0,0.0,0.0,0.0,0.0,0.0,0.0,0.0,0.0,0.0,0.0,0.0,0.0,0.0,0.0,0.0,0.0,0.0,0.0,0.0,0.0,0.0,0.0,0.0,0.0,0.0,0.0,0.0,0.0,0.0,0.0,0.0,0.008953669781866812,0.03307375972282992,3.448144390236e-06,0.0,0.049336547606515437,0.0,0.0,0.00548183862294616,0.0,0.003654559050909356,0.0,0.40896902695612336,0.0,0.0,0.038411051386038016,0.0,0.0,0.0,0.003654559050909356,0.0,2.549448638e-08,0.0,0.0,0.0,0.000197918987575764,0.0027409461965678082,0.004385470898356929,0.0,0.0,0.0,0.01507505621310194,0.0,0.0,0.0,0.0,0.0,0.0,0.0,0.0,0.0,0.0,0.00548183862294616,0.0,0.001827279572036804,0.0,0.0,0.0,0.0,0.007309118194982964,0.0,0.007674574072124624,0.0,0.0,0.00548183862294616,0.0,0.0,0.01096367724589232,0.0,0.0021927354491784643,0.08852210482252981,0.003658720601293256,0.0,0.0,0.0,0.0548183862294616,0.0,0.0,0.004933654760651544,0.16171423937691173,0.0,0.0,0.005037752633772146,0.0021927354491784643,0.0,0.0,0.0,0.00785730205727758,0.0,0.0,2.1942725673414003e-05,0.0054852867673363965,0.0,0.0,0.0,0.0,0.0,0.0021927354491784643,0.0,0.02101718978183333,3.448144390236e-06,0.0,0.0,0.015897332006543866,0.008700993556349432,0.11073314018351244,0.0,0.0,0.011511861108186937,0.0
0.0,0.0,0.0,0.0,0.0,0.0,0.0,0.0,0.0,0.0,0.0,0.0,0.0,0.0,0.0,0.0,0.0,0.0,0.0,0.0,0.0,0.0,0.0,0.0,0.0,0.0,0.0,0.0,0.0,0.0,0.0,0.0,0.0,0.0,0.0,0.0,0.0,0.0,0.0,0.0,0.0,0.0,0.0,0.0,0.0,0.0,0.0,0.0,0.0,0.0,0.0,0.0,0.0,0.0,0.0,0.0,0.0,0.0,0.0,0.0,0.0,0.0,0.0,0.000305429759649,0.11750551410322692,0.44959863130066025,2.096962247611888,0.0,1.8297335708995142,0.00010783915603537999,0.0,0.07218206856439277,0.001134636856363776,0.046624479514256946,0.004588854716508972,6.2689725091338255,0.001557789464528,1.6473546214348003e-05,0.5858461210014886,0.001586333432257229,6.3148589515080005e-06,0.000793166762118953,0.046624479514256946,0.00458215597059628,0.0,0.020956634537098288,0.0,1.2629720942960001e-06,0.3359228452417269,0.03716221530543494,0.5369978577400254,0.00141829607045472,6.732543206857299e-05,0.00053716883617375,0.2917674317170488,0.00070914803522736,0.09934957927427752,0.09052333060542017,0.003879668074105148,1.2629720942960001e-06,0.0,0.0,2.595148513752e-06,0.0,0.00042302226086601797,0.07059362392206181,0.004588854716508972,0.027529748327574446,0.0,0.0,0.05428164690844515,0.02969644546279133,0.11244217243799202,0.06785205863555645,0.10188000653262763,0.0,1.016545460267965,0.3086496571990829,0.00043703378252466397,0.0009833259964520198,0.13987343973135058,0.0313163341933267,0.027974687946270112,2.2644102721246977,0.0725095534486997,0.009658145114043361,0.0,2.254087713756e-05,0.7756950035714654,0.004592643632791859,0.000827207980802449,0.1915048431885831,2.3253892840099026,0.000288424268772285,0.3209305947802611,0.10784093424880761,0.028371746633813814,0.0,0.00263701036843475,5.8763115744e-07,0.10141467171545099,0.09662494636027036,9.705524043184201e-05,0.11632802253556328,0.06993671986567529,0.00010783915603537999,0.001215682321432844,0.000850977642272832,0.000786660797161616,0.000340390987829768,0.027974687946270112,2.254087713756e-05,1.6763726099255305,0.1259132407982786,0.24638602858473005,0.005506625637045208,0.2081617165805956,0.11073314018351244,3.6827578432896324,0.000850977642272832,0.0,0.5408446574758303,3.6726989576e-07
0.0,0.0,0.0,0.0,0.0,0.0,0.0,0.0,0.0,0.0,0.0,0.0,0.0,0.0,0.0,0.0,0.0,0.0,0.0,0.0,0.0,0.0,0.0,0.0,0.0,0.0,0.0,0.0,0.0,0.0,0.0,0.0,0.0,0.0,0.0,0.0,0.0,0.0,0.0,0.0,0.0,0.0,0.0,0.0,0.0,0.0,0.0,0.0,0.0,0.0,0.0,0.0,0.0,0.0,0.0,0.0,0.0,0.0,0.0,0.0,0.0,0.0,0.0,0.0,8.0935375031856e-05,3.9658332336624e-05,2.4280611031295996e-05,0.0,0.0,0.0,0.0,0.0,3.2374148041728e-05,0.0,0.0,0.0022082542769517118,0.0,0.0,4.6656862442063995e-05,0.0,0.0,0.0,0.0,0.0,0.0,8.498214353707199e-05,0.0,0.0,0.000113309523073584,0.0,0.0,4.046768505216e-05,0.0,0.0,3.2374148041728e-05,2.023384252608e-05,0.000220832714535408,0.0,0.0,0.0,0.0,0.0,0.0,0.0,0.0,0.0,0.0,0.0,0.0,0.0,0.0,0.0,0.000274602159831168,0.0,0.0,0.0,3.7059879995136e-05,0.0,0.0,0.0,0.0,0.0,0.0,9.528747406660799e-05,0.00019368945639244799,3.2374148041728e-05,0.0,0.0,0.0,0.0,0.0,0.0,0.000226619046147168,0.0,1.4282714400336e-05,0.0,0.0,0.0,0.0,0.0,0.0,0.0,0.0,0.0,0.0,0.0,3.4686586483632e-05,2.4280611031295996e-05,0.0,9.712242441504e-06,0.0,0.0,0.000204859268910288,9.307568054750398e-05,0.0,0.0,5.4920433937247994e-05,0.0,0.000850977642272832,2.4280611031295996e-05,0.0,0.000145683671115312,0.0
0.0,0.0,0.0,0.0,0.0,0.0,0.0,0.0,0.0,0.0,0.0,0.0,0.0,0.0,0.0,0.0,0.0,0.0,0.0,0.0,0.0,0.0,0.0,0.0,0.0,0.0,0.0,0.0,0.0,0.0,0.0,0.0,0.0,0.0,0.0,0.0,0.0,0.0,0.0,0.0,0.0,0.0,0.0,0.0,0.0,0.0,0.0,0.0,0.0,0.0,0.0,0.0,0.0,0.0,0.0,0.0,0.0,0.0,0.0,0.0,0.0,0.0,0.0,0.0,0.00029713499421992,0.0006900134933682599,0.002863225868536461,0.0,0.0,0.0,0.0,0.0,0.0,0.0,0.0,0.002230870710421923,0.0,0.0,0.001180286249110631,0.0,0.0,0.0,0.0,0.0,0.0,0.0,0.0,0.0,0.0,0.0006900134933682599,0.0,0.0,0.0,0.0,0.0,0.0,0.0,0.0,0.0,0.0,0.0,0.000363164999726348,0.0,0.0,0.0,0.0,0.000408560632331893,0.0,0.0,0.0,0.0,0.0,0.0,0.0,0.0,0.0,0.0,0.0,0.0,0.0,0.0,0.0,0.0,0.001089494999179044,0.006885631980863569,0.0,0.0,0.0,0.0,0.0,0.0,0.0,0.0,0.0,0.000326848493641912,0.0,0.0,0.0,0.0,0.0,0.0,0.0006900134933682599,0.0,0.0,0.0,0.0,0.0,0.0,0.0,0.0,0.0,0.0,0.000163424246820956,0.000363164999726348,0.0,0.0,0.0,0.0,0.0,0.0,0.000233463211927009,0.0008534377554687189,0.0
0.0,0.0,0.0,0.0,0.0,0.0,0.0,0.0,0.0,0.0,0.0,0.0,0.0,0.0,0.0,0.0,0.0,0.0,0.0,0.0,0.0,0.0,0.0,0.0,0.0,0.0,0.0,0.0,0.0,0.0,0.0,0.0,0.0,0.0,0.0,0.0,0.0,0.0,0.0,0.0,0.0,0.0,0.0,0.0,0.0,0.0,0.0,0.0,0.0,0.0,0.0,0.0,0.0,0.0,0.0,0.0,0.0,0.0,0.0,0.0,0.0,0.0,0.0,0.0,0.01986257777609726,0.4842845563350663,0.9876234941157073,0.0,0.9912540825656485,1.347989328059e-05,0.0,0.04023094239468816,0.00019424489482041603,0.0048470993554425535,0.06736147372229123,2.9253909953944803,0.0,0.0,0.21441605098638955,5.4079550590785e-05,0.0,2.7039776863244998e-05,0.0048470993554425535,0.0,0.0,0.29606158260166665,0.0,0.0,0.6157691210989332,0.01072387914791778,0.32415466074716676,0.00024280611852552003,8.087935968354e-06,0.0,0.034930127553778716,0.00012140305926276001,0.027851396792980588,0.01584512429851494,0.05695106408246978,0.0,0.0,0.0013275698542524678,0.0,0.0,1.442121390897e-05,0.1602880890988887,0.0688549898362528,0.02263199198151023,0.0,0.0,0.00950303066224556,0.43592496478273757,0.09908292204865744,0.01187878832780695,0.059305762921166474,0.0,0.26317098207072476,0.0650293376571746,0.006415378449742022,0.014434601303054583,0.014541298189892882,0.005482517591447875,0.002908259637978576,0.3352088776399361,0.4633998684278546,0.20984446217660876,2.53340284491e-07,0.0,0.15200741252207886,0.06736147372229123,0.010121596442819594,0.02905076206971759,0.5785218008122202,9.832645847025e-06,0.0761389601253302,0.014167154257267764,0.002908259637978576,1.0081910522999999e-06,0.0,0.0,0.010522056678104982,0.06683544863839384,1.2131903952531002e-05,0.020363637096868503,0.007270649094946441,1.347989328059e-05,0.000208119525941129,0.000145683671115312,0.011547681042443667,5.827345662003801e-05,0.002908259637978576,0.0,1.1160956133547675,0.19194893970478855,0.22842884274350225,0.08083376813256553,0.09646904800151267,0.011511861108186937,0.5408446574758303,0.000145683671115312,0.0008534377554687189,1.0173460148912,0.0
0.0,0.0,0.0,0.0,0.0,0.0,0.0,0.0,0.0,0.0,0.0,0.0,0.0,0.0,0.0,0.0,0.0,0.0,0.0,0.0,0.0,0.0,0.0,0.0,0.0,0.0,0.0,0.0,0.0,0.0,0.0,0.0,0.0,0.0,0.0,0.0,0.0,0.0,0.0,0.0,0.0,0.0,0.0,0.0,0.0,0.0,0.0,0.0,0.0,0.0,0.0,0.0,0.0,0.0,0.0,0.0,0.0,0.0,0.0,0.0,0.0,0.0,0.0,0.0,0.0,0.002797191645543736,0.33059844055529364,0.0,0.0,0.0,0.0,0.0,0.0,0.0,0.0,0.0029836710973465195,0.0,0.0,0.015211394691028843,0.0,0.0,0.0,0.0,0.0,0.0,0.0,0.0,0.0,0.006713260001904175,0.001243196323435556,0.0021755935167004636,0.0,0.0,0.0,0.1132140116989598,0.0,0.0029836710973465195,0.0,0.0,0.0,0.011295326334668404,0.0,0.0,0.0029836710973465195,0.0,0.0,0.0029836710973465195,0.0,0.0029836710973465195,0.0,0.0,0.0,0.0,0.0,0.0,0.0009323971932649079,0.015325219775097315,0.0,0.0,0.0,0.0,0.0,0.0,0.02871783439414652,0.001243196323435556,0.0018647944522788278,0.0,0.0,0.010442848906461832,0.0,0.0,0.01735240304393509,0.007814376721097464,0.0,0.0,0.005327984139975364,0.0,0.0,0.0,3.0245766351600005e-07,0.0009323971932649079,0.0024863925811220997,0.0,0.005327984139975364,0.0014918355486732598,0.0,0.0,0.0,0.0,0.0029836710973465195,0.0,0.0,0.0531280744018323,0.02331396688670851,0.016381639198199797,0.0,0.0,0.0,3.6726989576e-07,0.0,0.0,0.0,0.0043231216152332325
